,State,County,Plant Name,Status,Nameplate Capacity (MW),Primary Energy Source,Initial Month of Operation,Initial Year of Operation
0,IL,Macon,Tate & Lyle Decatur Plant Cogen,OP,62.0,BIT,1,1989
1,IN,Tippecanoe,Sagamore Plant Cogeneration,OP,7.4,BIT,10,1984
2,OK,Leflore,AES Shady Point LLC,OP,175.0,BIT,9,1990
3,OK,Leflore,AES Shady Point LLC,OP,175.0,BIT,11,1990
4,NY,Yates,AES Greenidge LLC,OP,112.5,BIT,12,1953
5,MD,Allegany,AES Warrior Run Cogeneration Facility,OP,229.0,BIT,8,1999
6,CT,New London,AES Thames,OS,213.9,BIT,11,1989
7,CA,San Bernardino,ACE Cogeneration Facility,OP,108.0,BIT,9,1990
8,IA,Wright,AG Processing Inc,OP,8.5,SUB,1,1982
9,PA,Beaver,AES Beaver Valley Partners Beaver Valley,OP,35.0,BIT,7,1987
10,PA,Beaver,AES Beaver Valley Partners Beaver Valley,OP,114.0,BIT,7,1987
11,HI,Oahu,AES Hawaii,OP,203.0,BIT,5,1992
12,AL,Washington,Charles R Lowman,OP,66.0,BIT,6,1969
13,AL,Washington,Charles R Lowman,OP,236.0,BIT,6,1978
14,AL,Washington,Charles R Lowman,OP,236.0,BIT,6,1980
15,AL,Mobile,Barry,OP,153.1,BIT,2,1954
16,AL,Mobile,Barry,OP,153.1,BIT,7,1954
17,AL,Mobile,Barry,OP,272.0,BIT,7,1959
18,AL,Mobile,Barry,OP,403.7,BIT,12,1969
19,AL,Mobile,Barry,OP,788.8,BIT,10,1971
20,AL,Etowah,Gadsden,OP,69.0,BIT,4,1949
21,AL,Etowah,Gadsden,OP,69.0,BIT,7,1949
22,AL,Walker,Gorgas,OP,788.8,BIT,10,1972
23,AL,Walker,Gorgas,OP,125.0,BIT,4,1951
24,AL,Walker,Gorgas,OP,125.0,BIT,7,1952
25,AL,Walker,Gorgas,OP,187.5,BIT,5,1956
26,AL,Walker,Gorgas,OP,190.4,BIT,6,1958
27,AL,Greene,Greene County,OP,299.2,BIT,6,1965
28,AL,Greene,Greene County,OP,269.2,BIT,7,1966
29,AL,Shelby,E C Gaston,OP,272.0,BIT,5,1960
30,AL,Shelby,E C Gaston,OP,272.0,BIT,7,1960
31,AL,Shelby,E C Gaston,OP,272.0,BIT,6,1961
32,AL,Shelby,E C Gaston,OP,952.0,BIT,8,1974
33,AL,Shelby,E C Gaston,OP,244.8,BIT,6,1962
34,AL,Jefferson,James H Miller Jr,OP,705.5,SUB,10,1978
35,AL,Jefferson,James H Miller Jr,OP,705.5,SUB,5,1985
36,AL,Jefferson,James H Miller Jr,OP,705.5,SUB,5,1989
37,AL,Jefferson,James H Miller Jr,OP,705.5,SUB,3,1991
38,IN,Warrick,Warrick,OP,166.6,BIT,4,1960
39,IN,Warrick,Warrick,OP,144.0,BIT,1,1964
40,IN,Warrick,Warrick,OP,144.0,BIT,10,1965
41,IN,Warrick,Warrick,OP,323.0,BIT,10,1970
42,CA,San Joaquin,Stockton Cogen,OP,60.0,BIT,3,1988
43,ID,Twin Falls,Amalgamated Sugar Twin Falls,OP,1.5,BIT,12,1948
44,ID,Twin Falls,Amalgamated Sugar Twin Falls,OP,2.5,BIT,12,1948
45,ID,Twin Falls,Amalgamated Sugar Twin Falls,OP,6.2,BIT,9,1994
46,ND,Traill,American Crystal Sugar Hillsboro,OP,13.3,SUB,9,1990
47,MN,Clay,American Crystal Sugar Moorhead,OP,3.0,SUB,9,1948
48,MN,Clay,American Crystal Sugar Moorhead,OP,2.0,SUB,9,1961
49,MN,Polk,American Crystal Sugar Crookston,OP,3.5,SUB,9,1954
50,MN,Polk,American Crystal Sugar Crookston,OP,3.0,SUB,9,1975
51,ND,Pembina,American Crystal Sugar Drayton,OP,6.0,SUB,9,1965
52,MN,Polk,American Crystal Sugar East Grand Forks,OP,2.5,SUB,9,1990
53,MN,Polk,American Crystal Sugar East Grand Forks,OP,5.0,SUB,9,1990
54,IL,Montgomery,Coffeen,OP,388.9,SUB,12,1965
55,IL,Montgomery,Coffeen,OP,616.5,SUB,9,1972
56,IL,Jasper,Newton,OP,617.4,SUB,11,1977
57,IL,Jasper,Newton,OP,617.4,SUB,12,1982
58,IA,Story,Ames Electric Services Power Plant,OP,37.5,SUB,5,1968
59,IA,Story,Ames Electric Services Power Plant,OP,71.3,SUB,6,1982
60,WV,Marion,Grant Town Power Plant,OP,95.7,WC,7,1992
61,MO,SAINT LOUIS CITY,Anheuser-Busch St Louis,OP,11.0,BIT,1,1947
62,MO,SAINT LOUIS CITY,Anheuser-Busch St Louis,OP,11.0,BIT,1,1948
63,MO,SAINT LOUIS CITY,Anheuser-Busch St Louis,OP,4.1,BIT,1,1939
64,VA,Russell,Clinch River,OP,237.5,BIT,9,1958
65,VA,Russell,Clinch River,OP,237.5,BIT,12,1958
66,VA,Russell,Clinch River,OP,237.5,BIT,12,1961
67,VA,Giles,Glen Lyn,OP,100.0,BIT,6,1944
68,VA,Giles,Glen Lyn,OP,237.5,BIT,5,1957
69,WV,Putnam,John E Amos,OP,816.3,BIT,9,1971
70,WV,Putnam,John E Amos,OP,816.3,BIT,6,1972
71,WV,Putnam,John E Amos,OP,1300.0,BIT,10,1973
72,WV,Kanawha,Kanawha River,OP,219.6,BIT,7,1953
73,WV,Kanawha,Kanawha River,OP,219.6,BIT,12,1953
74,WV,Mason,Philip Sporn,OP,152.5,BIT,1,1950
75,WV,Mason,Philip Sporn,OP,152.5,BIT,7,1950
76,WV,Mason,Philip Sporn,OP,152.5,BIT,8,1951
77,WV,Mason,Philip Sporn,OP,152.5,BIT,2,1952
78,WV,Mason,Philip Sporn,OP,495.5,BIT,12,1960
79,WV,Mason,Mountaineer,OP,1300.0,BIT,9,1980
80,IA,Clinton,Archer Daniels Midland Clinton,OP,75.0,SUB,2,2009
81,IA,Clinton,Archer Daniels Midland Clinton,OP,105.0,SUB,4,2009
82,IA,Polk,Archer Daniels Midland Des Moines,OP,7.9,SUB,5,1988
83,NE,Lancaster,Archer Daniels Midland Lincoln,OP,7.9,SUB,7,1988
84,MN,Blue Earth,Archer Daniels Midland Mankato,OP,6.1,SUB,10,1987
85,IA,Linn,Archer Daniels Midland Cedar Rapids,OP,31.0,SUB,11,1988
86,IA,Linn,Archer Daniels Midland Cedar Rapids,OP,31.0,SUB,11,1988
87,IA,Linn,Archer Daniels Midland Cedar Rapids,OP,31.0,SUB,11,1988
88,IA,Linn,Archer Daniels Midland Cedar Rapids,OP,31.0,SUB,11,1988
89,IA,Linn,Archer Daniels Midland Cedar Rapids,OP,31.0,SUB,2,1995
90,IA,Linn,Archer Daniels Midland Cedar Rapids,OP,101.1,SUB,11,2000
91,IL,Macon,Archer Daniels Midland Decatur,OP,31.0,BIT,4,1987
92,IL,Macon,Archer Daniels Midland Decatur,OP,31.0,BIT,4,1987
93,IL,Macon,Archer Daniels Midland Decatur,OP,31.0,BIT,5,1987
94,IL,Macon,Archer Daniels Midland Decatur,OP,31.0,BIT,12,1987
95,IL,Macon,Archer Daniels Midland Decatur,OP,31.0,BIT,9,1994
96,IL,Macon,Archer Daniels Midland Decatur,OP,75.0,BIT,4,1997
97,IL,Macon,Archer Daniels Midland Decatur,OP,105.0,BIT,4,2005
98,IL,Peoria,Archer Daniels Midland Peoria,OP,1.5,BIT,1,1934
99,IL,Peoria,Archer Daniels Midland Peoria,OP,1.5,BIT,1,1934
100,IL,Peoria,Archer Daniels Midland Peoria,OP,4.0,BIT,1,1954
101,IL,Peoria,Archer Daniels Midland Peoria,OP,4.0,BIT,1,1985
102,IL,Peoria,Archer Daniels Midland Peoria,OP,4.0,BIT,1,1985
103,ND,Pembina,Walhalla,SB,2.0,SUB,12,2000
104,NE,PLATTE,Archer Daniels Midland Columbus,OP,71.4,SUB,5,2010
105,AZ,Cochise,Apache Station,OP,204.0,SUB,1,1979
106,AZ,Cochise,Apache Station,OP,204.0,SUB,9,1979
107,AZ,Navajo,Cholla,OP,113.6,BIT,5,1962
108,AZ,Navajo,Cholla,OP,288.9,BIT,6,1978
109,AZ,Navajo,Cholla,OP,312.3,BIT,5,1980
110,AZ,Navajo,Cholla,OP,414.0,BIT,6,1981
111,NM,San Juan,Four Corners,OP,190.0,BIT,5,1963
112,NM,San Juan,Four Corners,OP,190.0,BIT,6,1963
113,NM,San Juan,Four Corners,OP,253.4,BIT,8,1964
114,NM,San Juan,Four Corners,OP,818.1,BIT,7,1969
115,NM,San Juan,Four Corners,OP,818.1,BIT,7,1970
116,AR,Jefferson,White Bluff,OP,850.0,SUB,8,1980
117,AR,Jefferson,White Bluff,OP,850.0,SUB,8,1981
118,AR,Independence,Independence,OP,850.0,SUB,1,1983
119,AR,Independence,Independence,OP,850.0,SUB,12,1984
120,MO,New Madrid,New Madrid,OP,600.0,SUB,12,1972
121,MO,New Madrid,New Madrid,OP,600.0,SUB,6,1977
122,MO,Randolph,Thomas Hill,OP,180.0,SUB,11,1966
123,MO,Randolph,Thomas Hill,OP,285.0,SUB,3,1969
124,MO,Randolph,Thomas Hill,OP,670.0,SUB,6,1982
125,AK,Fairbanks North Star,Aurora Energy LLC Chena,OP,5.0,SUB,6,1952
126,AK,Fairbanks North Star,Aurora Energy LLC Chena,OP,2.5,SUB,6,1952
127,AK,Fairbanks North Star,Aurora Energy LLC Chena,OP,20.0,SUB,6,1975
128,MN,MOWER,Austin Northeast,OP,31.9,BIT,4,1971
129,ND,Mercer,Leland Olds,OP,216.0,LIG,1,1966
130,ND,Mercer,Leland Olds,OP,440.0,LIG,12,1975
131,WY,Platte,Laramie River Station,OP,570.0,SUB,9,1981
132,WY,Platte,Laramie River Station,OP,570.0,SUB,7,1981
133,WY,Platte,Laramie River Station,OP,570.0,SUB,11,1982
134,ND,Mercer,Antelope Valley,OP,434.9,LIG,7,1984
135,ND,Mercer,Antelope Valley,OP,434.9,LIG,7,1986
136,WY,Campbell,Dry Fork Station,OP,390.0,SUB,11,2011
137,KY,Hancock,Kenneth C Coleman,OP,205.0,BIT,9,1969
138,KY,Hancock,Kenneth C Coleman,OP,205.0,BIT,7,1970
139,KY,Hancock,Kenneth C Coleman,OP,192.0,BIT,12,1971
140,KY,Henderson,HMP&L Station Two Henderson,OP,200.0,BIT,6,1973
141,KY,Henderson,HMP&L Station Two Henderson,OP,205.0,BIT,4,1974
142,KY,Webster,Robert A Reid,OP,96.0,BIT,1,1966
143,KY,Webster,R D Green,OP,293.0,BIT,12,1979
144,KY,Webster,R D Green,OP,293.0,BIT,1,1981
145,KY,Ohio,D B Wilson,OP,566.1,BIT,9,1984
146,VA,King George,Birchwood Power,OP,258.3,BIT,11,1996
147,NY,Jefferson,Black River Generation,OA,55.5,BIT,6,1989
148,MI,Ontonagon,White Pine Electric Power,OP,20.0,BIT,12,1954
149,MI,Ontonagon,White Pine Electric Power,OP,20.0,BIT,12,1954
150,MI,Ontonagon,White Pine Electric Power,OS,20.0,BIT,12,1954
151,AL,Talladega,U S Alliance Coosa Pines,OP,12.5,BIT,1,1968
152,MI,St Clair,Cargill Salt,OP,2.0,BIT,1,1968
153,PA,Cambria,Cambria Cogen,OP,98.0,WC,3,1991
154,OH,WAYNE,Rittman Paperboard,SB,3.0,BIT,1,1928
155,OH,WAYNE,Rittman Paperboard,SB,5.0,BIT,1,1940
156,OH,WAYNE,Rittman Paperboard,SB,6.0,BIT,6,1946
157,OH,Jefferson,Cardinal,OP,615.2,BIT,2,1967
158,OH,Jefferson,Cardinal,OP,615.2,BIT,7,1967
159,OH,Jefferson,Cardinal,OP,650.0,BIT,9,1977
160,NC,Buncombe,Asheville,OP,206.6,BIT,5,1964
161,NC,Buncombe,Asheville,OP,207.0,BIT,5,1971
162,NC,Chatham,Cape Fear,OP,140.6,BIT,12,1956
163,NC,Chatham,Cape Fear,OP,187.9,BIT,7,1958
164,NC,Wayne,HF Lee Plant,OP,75.0,BIT,6,1952
165,NC,Wayne,HF Lee Plant,OP,75.0,BIT,5,1951
166,NC,Wayne,HF Lee Plant,OP,252.4,BIT,8,1962
167,NC,Person,Roxboro,OP,410.8,BIT,5,1966
168,NC,Person,Roxboro,OP,657.0,BIT,5,1968
169,NC,Person,Roxboro,OP,745.2,BIT,7,1973
170,NC,Person,Roxboro,OP,745.2,BIT,9,1980
171,NC,New Hanover,L V Sutton,OP,112.5,BIT,8,1954
172,NC,New Hanover,L V Sutton,OP,112.5,BIT,5,1955
173,NC,New Hanover,L V Sutton,OP,446.6,BIT,6,1972
174,SC,Darlington,H B Robinson,OP,206.6,BIT,5,1960
175,NC,Person,Mayo,OP,735.8,BIT,3,1983
176,TN,Shelby,Cargill Corn Wet Milling Plant,OP,25.0,BIT,5,1985
177,IA,Monroe,Cargill Corn Milling Division,SB,20.0,SUB,12,1952
178,IA,Monroe,Cargill Corn Milling Division,OP,20.0,SUB,12,1952
179,IA,Black Hawk,Streeter Station,OP,16.5,BIT,9,1963
180,IA,Black Hawk,Streeter Station,OP,35.0,BIT,6,1973
181,MO,Osage,Chamois,OP,15.0,BIT,12,1953
182,MO,Osage,Chamois,OP,44.0,SUB,11,1960
183,IA,MUSCATINE,Fair Station,OP,25.0,BIT,1,1960
184,IA,MUSCATINE,Fair Station,OP,37.5,BIT,4,1967
185,LA,De Soto,Dolet Hills,OP,720.7,LIG,4,1986
186,LA,Rapides,Brame Energy Center,OP,558.0,SUB,8,1982
187,IN,ADAMS,Bunge North America East LLC,OP,2.0,BIT,12,1950
188,FL,Hernando,Central Power & Lime,OP,125.0,BIT,6,1988
189,OH,Clermont,Walter C Beckjord,OP,115.0,BIT,6,1952
190,OH,Clermont,Walter C Beckjord,OP,112.5,BIT,10,1953
191,OH,Clermont,Walter C Beckjord,OP,125.0,BIT,11,1954
192,OH,Clermont,Walter C Beckjord,OP,163.2,BIT,7,1958
193,OH,Clermont,Walter C Beckjord,OP,244.8,BIT,12,1962
194,OH,Clermont,Walter C Beckjord,OP,460.8,BIT,7,1969
195,OH,Hamilton,Miami Fort,OP,163.2,BIT,11,1960
196,OH,Hamilton,Miami Fort,OP,557.1,BIT,5,1975
197,OH,Hamilton,Miami Fort,OP,557.7,BIT,2,1978
198,OH,Clermont,W H Zimmer,OP,1425.6,BIT,3,1991
199,MS,Choctaw,Red Hills Generating Facility,OP,513.7,LIG,4,2001
200,IN,Marion,CC Perry K,OP,15.0,BIT,1,1925
201,IN,Marion,CC Perry K,OP,5.0,BIT,7,1938
202,IN,Marion,CC Perry K,OP,1.7,BIT,6,2009
203,IN,Marion,CC Perry K,OP,1.7,BIT,6,2009
204,MN,Lake,Silver Bay Power,OP,50.0,SUB,10,1955
205,MN,Lake,Silver Bay Power,OP,81.6,SUB,1,1962
206,CO,El Paso,Martin Drake,OP,50.0,SUB,11,1962
207,CO,El Paso,Martin Drake,OP,75.0,SUB,10,1968
208,CO,El Paso,Martin Drake,OP,132.0,SUB,7,1974
209,CO,El Paso,Ray D Nixon,OP,207.0,SUB,4,1980
210,MO,Boone,Columbia,OP,16.5,BIT,1,1957
211,MO,Boone,Columbia,OP,22.0,BIT,1,1965
212,PA,CLARION,Piney Creek Project,OP,36.2,WC,11,1992
213,MD,Anne Arundel,Brandon Shores,OP,685.0,BIT,5,1984
214,MD,Anne Arundel,Brandon Shores,OP,685.0,BIT,5,1991
215,MD,Baltimore,C P Crane,OP,190.4,BIT,7,1961
216,MD,Baltimore,C P Crane,OP,209.4,BIT,2,1963
217,MD,Anne Arundel,Herbert A Wagner,OP,136.0,BIT,1,1959
218,MD,Anne Arundel,Herbert A Wagner,OP,359.0,BIT,8,1966
219,MT,Rosebud,Colstrip Energy LP,OP,46.1,WC,2,1990
220,IL,Cook,Corn Products Illinois,OP,22.5,BIT,5,1991
221,IL,Cook,Corn Products Illinois,OP,22.5,BIT,5,1991
222,MI,Muskegon,B C Cobb,OP,156.3,SUB,9,1956
223,MI,Muskegon,B C Cobb,OP,156.3,SUB,3,1957
224,MI,Bay,Dan E Karn,OP,136.0,SUB,11,1959
225,MI,Bay,Dan E Karn,OP,136.0,SUB,11,1959
226,MI,Bay,Dan E Karn,OP,136.0,SUB,3,1961
227,MI,Bay,Dan E Karn,OP,136.0,SUB,3,1961
228,MI,Ottawa,J H Campbell,OP,265.2,SUB,10,1962
229,MI,Ottawa,J H Campbell,OP,403.9,SUB,7,1967
230,MI,Ottawa,J H Campbell,OP,916.8,SUB,9,1980
231,MI,Bay,J C Weadock,OP,156.3,SUB,5,1955
232,MI,Bay,J C Weadock,OP,156.3,SUB,1,1958
233,MI,Monroe,J R Whiting,OP,106.3,SUB,7,1952
234,MI,Monroe,J R Whiting,OP,106.3,SUB,12,1952
235,MI,Monroe,J R Whiting,OP,132.8,SUB,11,1953
236,IA,Clay,Earl F Wisdom,OP,33.0,BIT,4,1960
237,IN,Montgomery,Crawfordsville,OP,11.5,BIT,1,1955
238,IN,Montgomery,Crawfordsville,OP,12.6,BIT,1,1965
239,GA,WORTH,Crisp Plant,OP,12.5,BIT,6,1957
240,WI,Buffalo,Alma,OP,15.0,BIT,9,1947
241,WI,Buffalo,Alma,OP,15.0,BIT,10,1947
242,WI,Buffalo,Alma,OP,15.0,BIT,7,1951
243,WI,Buffalo,Alma,OP,54.4,BIT,4,1957
244,WI,Buffalo,Alma,OP,81.6,BIT,1,1960
245,WI,Vernon,Genoa,OP,345.6,SUB,6,1969
246,WI,Buffalo,John P Madgett,OP,387.0,SUB,11,1979
247,OH,Montgomery,O H Hutchings,OP,69.0,BIT,7,1948
248,OH,Montgomery,O H Hutchings,OP,69.0,BIT,3,1949
249,OH,Montgomery,O H Hutchings,OP,69.0,BIT,12,1950
250,OH,Montgomery,O H Hutchings,OP,69.0,BIT,2,1951
251,OH,Montgomery,O H Hutchings,OP,69.0,BIT,11,1952
252,OH,Montgomery,O H Hutchings,OP,69.0,BIT,8,1953
253,OH,Adams,J M Stuart,OP,610.2,BIT,5,1971
254,OH,Adams,J M Stuart,OP,610.2,BIT,10,1970
255,OH,Adams,J M Stuart,OP,610.2,BIT,5,1972
256,OH,Adams,J M Stuart,OP,610.2,BIT,6,1974
257,OH,Adams,Killen Station,OP,660.6,BIT,6,1982
258,WI,Wood,Georgia-Pacific Corp - Nekoosa Mill,OP,6.0,BIT,1,1951
259,WI,Wood,Georgia-Pacific Corp - Nekoosa Mill,OP,16.0,BIT,1,1966
260,MI,Huron,Harbor Beach,OP,121.0,BIT,4,1968
261,MI,Monroe,Monroe,OP,817.2,SUB,6,1971
262,MI,Monroe,Monroe,OP,822.6,SUB,3,1973
263,MI,Monroe,Monroe,OP,822.6,SUB,5,1973
264,MI,Monroe,Monroe,OP,817.2,SUB,5,1974
265,MI,Wayne,River Rouge,OP,292.5,SUB,11,1957
266,MI,Wayne,River Rouge,OP,358.1,SUB,10,1958
267,MI,St Clair,St Clair,OP,168.7,SUB,8,1953
268,MI,St Clair,St Clair,OP,156.2,SUB,11,1953
269,MI,St Clair,St Clair,OP,156.2,SUB,6,1954
270,MI,St Clair,St Clair,OP,168.7,SUB,10,1954
271,MI,St Clair,St Clair,OP,352.7,SUB,4,1961
272,MI,St Clair,St Clair,OP,544.5,SUB,4,1969
273,MI,Wayne,Trenton Channel,OP,120.0,SUB,6,1949
274,MI,Wayne,Trenton Channel,OP,120.0,SUB,2,1950
275,MI,Wayne,Trenton Channel,OP,535.5,SUB,1,1968
276,MI,St Clair,Belle River,OP,697.5,SUB,8,1984
277,MI,St Clair,Belle River,OP,697.5,SUB,7,1985
278,IL,Christian,Kincaid Generation LLC,OP,659.5,SUB,6,1967
279,IL,Christian,Kincaid Generation LLC,OP,659.5,SUB,6,1968
280,OH,Tuscarawas,Dover,SB,8.0,BIT,1,1954
281,OH,Tuscarawas,Dover,OP,19.5,BIT,6,1968
282,NC,Gaston,G G Allen,OP,165.0,BIT,6,1957
283,NC,Gaston,G G Allen,OP,165.0,BIT,11,1957
284,NC,Gaston,G G Allen,OP,275.0,BIT,10,1959
285,NC,Gaston,G G Allen,OP,275.0,BIT,10,1960
286,NC,Gaston,G G Allen,OP,275.0,BIT,7,1961
287,NC,Rowan,Buck,OP,125.0,BIT,9,1953
288,NC,Rowan,Buck,OP,125.0,BIT,12,1953
289,NC,Cleveland,Cliffside,OP,570.9,BIT,6,1972
290,NC,Rockingham,Dan River,OP,70.0,BIT,12,1949
291,NC,Rockingham,Dan River,OP,70.0,BIT,3,1950
292,NC,Rockingham,Dan River,OP,150.0,BIT,8,1955
293,NC,Catawba,Marshall,OP,350.0,BIT,3,1965
294,NC,Catawba,Marshall,OP,350.0,BIT,4,1966
295,NC,Catawba,Marshall,OP,648.0,BIT,5,1969
296,NC,Catawba,Marshall,OP,648.0,BIT,5,1970
297,NC,Gaston,Riverbend,OP,100.0,BIT,10,1952
298,NC,Gaston,Riverbend,OP,100.0,BIT,11,1952
299,NC,Gaston,Riverbend,OP,133.0,BIT,8,1954
300,NC,Gaston,Riverbend,OP,133.0,BIT,11,1954
301,SC,Anderson,W S Lee,OP,90.0,BIT,3,1951
302,SC,Anderson,W S Lee,OP,90.0,BIT,7,1951
303,SC,Anderson,W S Lee,OP,175.0,BIT,12,1958
304,NC,Stokes,Belews Creek,OP,1080.1,BIT,8,1974
305,NC,Stokes,Belews Creek,OP,1080.1,BIT,12,1975
306,NY,Orange,Danskammer Generating Station,OP,147.1,BIT,10,1959
307,NY,Orange,Danskammer Generating Station,OP,239.4,BIT,9,1967
308,IL,Randolph,Baldwin Energy Complex,OP,625.1,SUB,7,1970
309,IL,Randolph,Baldwin Energy Complex,OP,634.5,SUB,3,1973
310,IL,Randolph,Baldwin Energy Complex,OP,634.5,SUB,4,1975
311,IL,Mason,Havana,OP,488.0,SUB,6,1978
312,IL,Putnam,Hennepin Power Station,OP,75.0,SUB,6,1953
313,IL,Putnam,Hennepin Power Station,OP,231.3,SUB,5,1959
314,IL,Madison,Wood River,OP,112.5,SUB,6,1954
315,IL,Madison,Wood River,OP,387.6,SUB,7,1964
316,KY,Pulaski,Cooper,OP,113.6,BIT,2,1965
317,KY,Pulaski,Cooper,OP,230.4,BIT,10,1969
318,KY,Clark,Dale,OP,27.0,BIT,12,1954
319,KY,Clark,Dale,OP,27.0,BIT,12,1954
320,KY,Clark,Dale,OP,81.0,BIT,10,1957
321,KY,Clark,Dale,OP,81.0,BIT,8,1960
322,KY,Mason,H L Spurlock,OP,357.6,BIT,9,1977
323,KY,Mason,H L Spurlock,OP,592.1,BIT,3,1981
324,KY,Mason,H L Spurlock,OP,329.4,BIT,3,2005
325,KY,Mason,H L Spurlock,OP,329.4,BIT,4,2009
326,TN,Sullivan,Tennessee Eastman Operations,OP,6.0,BIT,2,1946
327,TN,Sullivan,Tennessee Eastman Operations,OP,6.0,BIT,5,1949
328,TN,Sullivan,Tennessee Eastman Operations,OP,6.0,BIT,2,1953
329,TN,Sullivan,Tennessee Eastman Operations,OP,7.0,BIT,1,1960
330,TN,Sullivan,Tennessee Eastman Operations,OP,10.0,BIT,4,1962
331,TN,Sullivan,Tennessee Eastman Operations,OP,7.5,BIT,10,1963
332,TN,Sullivan,Tennessee Eastman Operations,OP,10.4,BIT,7,1966
333,TN,Sullivan,Tennessee Eastman Operations,OP,10.4,BIT,10,1966
334,TN,Sullivan,Tennessee Eastman Operations,OP,10.4,BIT,7,1967
335,TN,Sullivan,Tennessee Eastman Operations,OP,10.4,BIT,3,1970
336,TN,Sullivan,Tennessee Eastman Operations,OP,10.4,BIT,4,1972
337,TN,Sullivan,Tennessee Eastman Operations,OP,15.0,BIT,7,1969
338,TN,Sullivan,Tennessee Eastman Operations,OP,15.4,BIT,9,1982
339,TN,Sullivan,Tennessee Eastman Operations,OP,16.8,BIT,7,1983
340,TN,Sullivan,Tennessee Eastman Operations,OP,18.0,BIT,12,1994
341,TN,Sullivan,Tennessee Eastman Operations,OP,16.6,BIT,10,1994
342,TN,Sullivan,Tennessee Eastman Operations,OP,6.0,BIT,9,1936
343,TN,Sullivan,Tennessee Eastman Operations,OP,6.0,BIT,9,1939
344,TN,Sullivan,Tennessee Eastman Operations,OP,6.0,BIT,7,1941
345,NY,Monroe,Kodak Park Site,OP,15.0,BIT,12,1968
346,NY,Monroe,Kodak Park Site,OP,12.5,BIT,8,1954
347,NY,Monroe,Kodak Park Site,OP,25.6,BIT,5,1964
348,NY,Monroe,Kodak Park Site,OP,25.6,BIT,8,1967
349,NY,Monroe,Kodak Park Site,OP,25.6,BIT,4,1969
350,NY,Monroe,Kodak Park Site,OP,25.6,BIT,8,1987
351,PA,Cambria,Ebensburg Power,OP,57.6,WC,11,1990
352,IL,Massac,Joppa Steam,OP,183.3,SUB,8,1953
353,IL,Massac,Joppa Steam,OP,183.3,SUB,9,1953
354,IL,Massac,Joppa Steam,OP,183.3,SUB,5,1954
355,IL,Massac,Joppa Steam,OP,183.3,SUB,8,1954
356,IL,Massac,Joppa Steam,OP,183.3,SUB,6,1955
357,IL,Massac,Joppa Steam,OP,183.3,SUB,8,1955
358,KS,Cherokee,Riverton,OP,37.5,SUB,6,1950
359,KS,Cherokee,Riverton,OP,50.0,SUB,6,1954
360,MO,Jasper,Asbury,OP,212.8,SUB,6,1970
361,MO,Jasper,Asbury,OP,18.7,SUB,4,1986
362,PA,Delaware,Eddystone Generating Station,OP,353.6,BIT,10,1960
363,FL,Citrus,Crystal River,OP,440.5,BIT,10,1966
364,FL,Citrus,Crystal River,OP,523.8,BIT,11,1969
365,FL,Citrus,Crystal River,OP,739.2,BIT,10,1984
366,FL,Citrus,Crystal River,OP,739.2,BIT,12,1982
367,OH,Ashtabula,FirstEnergy Ashtabula,OP,256.0,SUB,12,1958
368,OH,Lake,FirstEnergy Eastlake,OP,123.0,SUB,9,1953
369,OH,Lake,FirstEnergy Eastlake,OP,123.0,SUB,12,1953
370,OH,Lake,FirstEnergy Eastlake,OP,123.0,SUB,8,1954
371,OH,Lake,FirstEnergy Eastlake,OP,208.0,SUB,3,1956
372,OH,Lake,FirstEnergy Eastlake,OP,680.0,BIT,9,1972
373,OH,Cuyahoga,FirstEnergy Lake Shore,OP,256.0,SUB,6,1962
374,OH,Belmont,FirstEnergy R E Burger,OS,103.4,BIT,3,1950
375,OH,Jefferson,FirstEnergy W H Sammis,OP,190.4,BIT,8,1959
376,OH,Jefferson,FirstEnergy W H Sammis,OP,190.4,BIT,7,1960
377,OH,Jefferson,FirstEnergy W H Sammis,OP,190.4,BIT,7,1961
378,OH,Jefferson,FirstEnergy W H Sammis,OP,190.4,BIT,11,1962
379,OH,Jefferson,FirstEnergy W H Sammis,OP,334.0,BIT,12,1967
380,OH,Jefferson,FirstEnergy W H Sammis,OP,680.0,BIT,4,1969
381,OH,Jefferson,FirstEnergy W H Sammis,OP,680.0,BIT,9,1971
382,OH,Lucas,FirstEnergy Bay Shore,OP,140.6,SUB,2,1959
383,OH,Lucas,FirstEnergy Bay Shore,OP,140.6,SUB,5,1963
384,OH,Lucas,FirstEnergy Bay Shore,OP,217.6,SUB,6,1968
385,PA,Beaver,FirstEnergy Bruce Mansfield,OP,913.7,BIT,4,1976
386,PA,Beaver,FirstEnergy Bruce Mansfield,OP,913.7,BIT,10,1977
387,PA,Beaver,FirstEnergy Bruce Mansfield,OP,913.7,BIT,9,1980
388,OK,Muskogee,Muskogee Mill,OP,25.0,SUB,3,1978
389,OK,Muskogee,Muskogee Mill,OP,44.5,SUB,3,1979
390,OK,Muskogee,Muskogee Mill,OP,44.5,SUB,11,1982
391,NE,Dodge,Lon Wright,OP,16.5,SUB,8,1957
392,NE,Dodge,Lon Wright,OP,22.0,SUB,8,1963
393,NE,Dodge,Lon Wright,OP,91.5,SUB,1,1977
394,FL,Alachua,Deerhaven Generating Station,OP,250.7,BIT,10,1981
395,WY,Sweetwater,General Chemical,OP,15.0,SUB,5,1968
396,WY,Sweetwater,General Chemical,OP,15.0,SUB,1,1977
397,GA,Bartow,Bowen,OP,805.8,BIT,10,1971
398,GA,Bartow,Bowen,OP,788.8,BIT,9,1972
399,GA,Bartow,Bowen,OP,952.0,BIT,12,1974
400,GA,Bartow,Bowen,OP,952.0,BIT,11,1975
401,GA,Floyd,Hammond,OP,125.0,BIT,6,1954
402,GA,Floyd,Hammond,OP,125.0,BIT,9,1954
403,GA,Floyd,Hammond,OP,125.0,BIT,6,1955
404,GA,Floyd,Hammond,OP,578.0,BIT,12,1970
405,GA,Putnam,Harllee Branch,OP,299.2,BIT,6,1965
406,GA,Putnam,Harllee Branch,OP,359.0,BIT,6,1967
407,GA,Putnam,Harllee Branch,OP,544.0,BIT,7,1968
408,GA,Putnam,Harllee Branch,OP,544.0,BIT,6,1969
409,GA,Cobb,Jack McDonough,OP,299.2,BIT,8,1963
410,GA,Dougherty,Mitchell,OP,163.2,BIT,5,1964
411,GA,Coweta,Yates,OP,122.5,BIT,9,1950
412,GA,Coweta,Yates,OP,122.5,BIT,11,1950
413,GA,Coweta,Yates,OP,122.5,BIT,8,1952
414,GA,Coweta,Yates,OP,156.2,BIT,6,1957
415,GA,Coweta,Yates,OP,156.2,BIT,5,1958
416,GA,Coweta,Yates,OP,403.7,BIT,7,1974
417,GA,Coweta,Yates,OP,403.7,BIT,4,1974
418,GA,Chatham,Kraft,OP,54.4,BIT,5,1961
419,GA,Chatham,Kraft,OP,103.5,BIT,5,1965
420,GA,Chatham,Kraft,OP,50.0,BIT,7,1958
421,GA,Heard,Wansley,OP,952.0,BIT,12,1976
422,GA,Heard,Wansley,OP,952.0,BIT,4,1978
423,GA,Effingham,McIntosh,OP,177.6,BIT,2,1979
424,GA,Monroe,Scherer,OP,891.0,SUB,3,1982
425,GA,Monroe,Scherer,OP,891.0,SUB,2,1984
426,GA,Monroe,Scherer,OP,891.0,SUB,1,1987
427,GA,Monroe,Scherer,OP,891.0,SUB,2,1989
428,PA,Schuylkill,John B Rich Memorial Power Station,OP,88.4,WC,2,1988
429,AK,Denali Borough,Healy,OP,28.0,SUB,11,1967
430,MI,Ottawa,J B Sims,OP,80.0,BIT,8,1983
431,OK,Mayes,GRDA,OP,540.0,SUB,6,1981
432,OK,Mayes,GRDA,OP,594.0,SUB,10,1985
433,ND,Mercer,Stanton,OP,190.2,SUB,4,1967
434,ND,McLean,Coal Creek,OP,604.8,LIG,6,1979
435,ND,McLean,Coal Creek,OP,604.8,LIG,9,1980
436,FL,Escambia,Crist,OP,93.7,BIT,7,1959
437,FL,Escambia,Crist,OP,93.7,BIT,6,1961
438,FL,Escambia,Crist,OP,369.7,BIT,5,1970
439,FL,Escambia,Crist,OP,578.0,BIT,8,1973
440,FL,Jackson,Scholz,OP,49.0,BIT,3,1953
441,FL,Jackson,Scholz,OP,49.0,BIT,10,1953
442,FL,Bay,Lansing Smith,OP,149.6,BIT,6,1965
443,FL,Bay,Lansing Smith,OP,190.4,BIT,6,1967
444,DE,Kent,NRG Energy Center Dover,OP,18.0,BIT,5,1985
445,OH,Butler,Hamilton,OP,25.0,BIT,6,1965
446,OH,Butler,Hamilton,OP,50.6,BIT,10,1975
447,NE,Adams,Whelan Energy Center,OP,76.3,SUB,7,1981
448,NE,Adams,Whelan Energy Center,OP,248.0,SUB,6,2011
449,MN,St Louis,Hibbing,OP,10.0,SUB,4,1965
450,MN,St Louis,Hibbing,OP,19.5,SUB,8,1985
451,MN,St Louis,Hibbing,OP,6.4,SUB,2,1996
452,MI,Ottawa,James De Young,OP,11.5,BIT,4,1951
453,MI,Ottawa,James De Young,OP,22.0,BIT,5,1962
454,MI,Ottawa,James De Young,OP,29.3,BIT,6,1969
455,MO,Jackson,Blue Valley,OP,25.0,BIT,5,1958
456,MO,Jackson,Blue Valley,OP,65.0,BIT,8,1965
457,MO,Jackson,Blue Valley,OP,25.0,BIT,4,1958
458,MO,Clay,Missouri City,OP,23.0,BIT,6,1954
459,MO,Clay,Missouri City,OP,23.0,BIT,6,1954
460,IN,Pike,Frank E Ratts,OP,116.6,BIT,4,1970
461,IN,Pike,Frank E Ratts,OP,116.6,BIT,4,1970
462,IN,Sullivan,Merom,OP,540.0,BIT,9,1983
463,IN,Sullivan,Merom,OP,540.0,BIT,2,1982
464,IN,Jefferson,Clifty Creek,OP,217.3,SUB,2,1955
465,IN,Jefferson,Clifty Creek,OP,217.3,SUB,5,1955
466,IN,Jefferson,Clifty Creek,OP,217.3,SUB,7,1955
467,IN,Jefferson,Clifty Creek,OP,217.3,SUB,10,1955
468,IN,Jefferson,Clifty Creek,OP,217.3,SUB,11,1955
469,IN,Jefferson,Clifty Creek,OP,217.3,SUB,3,1956
470,IN,Marion,Harding Street,OP,113.5,BIT,6,1958
471,IN,Marion,Harding Street,OP,113.6,BIT,5,1961
472,IN,Marion,Harding Street,OP,470.9,BIT,7,1973
473,IN,Morgan,Eagle Valley,OP,50.0,BIT,12,1951
474,IN,Morgan,Eagle Valley,OP,69.0,BIT,1,1953
475,IN,Morgan,Eagle Valley,OP,69.0,BIT,12,1953
476,IN,Morgan,Eagle Valley,OP,113.6,BIT,10,1956
477,IN,Pike,AES Petersburg,OP,670.9,BIT,4,1986
478,IN,Pike,AES Petersburg,OP,281.6,BIT,6,1967
479,IN,Pike,AES Petersburg,OP,523.3,BIT,12,1969
480,IN,Pike,AES Petersburg,OP,670.9,BIT,11,1977
481,IN,Dearborn,Tanners Creek,OP,152.5,BIT,3,1951
482,IN,Dearborn,Tanners Creek,OP,152.5,BIT,11,1952
483,IN,Dearborn,Tanners Creek,OP,215.4,BIT,12,1954
484,IN,Dearborn,Tanners Creek,OP,579.7,BIT,7,1964
485,IN,Spencer,Rockport,OP,1300.0,SUB,12,1984
486,IN,Spencer,Rockport,OP,1300.0,SUB,12,1989
487,DE,Sussex,Indian River Generating Station,OS,81.6,BIT,10,1957
488,DE,Sussex,Indian River Generating Station,OS,81.6,BIT,11,1959
489,DE,Sussex,Indian River Generating Station,OP,176.8,BIT,3,1970
490,DE,Sussex,Indian River Generating Station,OP,442.4,BIT,10,1980
491,PA,Cambria,Colver Power Project,OP,118.0,WC,2,1995
492,IA,Dubuque,Dubuque,OP,28.7,SUB,1,1952
493,IA,Dubuque,Dubuque,OP,37.5,SUB,1,1959
494,IA,Allamakee,Lansing,SB,37.5,SUB,1,1957
495,IA,Allamakee,Lansing,OP,274.5,SUB,5,1977
496,IA,Clinton,Milton L Kapp,OP,218.5,SUB,1,1967
497,IA,Linn,Prairie Creek,OP,14.6,SUB,4,1997
498,IA,Linn,Prairie Creek,OP,50.0,SUB,10,1958
499,IA,Linn,Prairie Creek,OP,148.8,SUB,4,1967
500,IA,Marshall,Sutherland,OP,37.5,SUB,5,1955
501,IA,Marshall,Sutherland,OP,81.6,SUB,1,1961
502,IA,Des Moines,Burlington,OP,212.0,SUB,6,1968
503,IA,Wapello,Ottumwa,OP,725.9,SUB,5,1981
504,IA,Story,Iowa State University,OP,13.2,BIT,9,1978
505,IA,Story,Iowa State University,SB,6.2,BIT,10,1960
506,IA,Story,Iowa State University,OP,11.5,BIT,3,1970
507,IA,Story,Iowa State University,OP,15.1,BIT,5,2005
508,FL,Duval,St Johns River Power Park,OP,679.0,BIT,4,1987
509,FL,Duval,St Johns River Power Park,OP,679.0,BIT,7,1988
510,VA,HOPEWELL CITY,James River Genco LLC,OP,57.4,BIT,1,1988
511,VA,HOPEWELL CITY,James River Genco LLC,OP,57.4,BIT,1,1988
512,NY,Chautauqua,S A Carlson,OP,24.5,BIT,8,1951
513,NY,Chautauqua,S A Carlson,OP,24.5,BIT,8,1968
514,IN,Dubois,Jasper 2,OP,14.5,BIT,9,1968
515,FL,Nassau,Fernandina Beach Mill,OP,74.4,BIT,9,1982
516,IL,Rock Island,John Deere Harvester Works,SB,2.0,BIT,10,1940
517,IL,Rock Island,John Deere Harvester Works,SB,2.5,BIT,4,1949
518,IL,Rock Island,John Deere Harvester Works,SB,3.0,BIT,11,1951
519,IL,Rock Island,John Deere Harvester Works,OS,2.5,BIT,11,1960
520,KS,Wyandotte,Quindaro,OP,81.6,SUB,5,1965
521,KS,Wyandotte,Quindaro,OP,157.5,SUB,12,1971
522,KS,Wyandotte,Nearman Creek,OP,261.0,SUB,6,1981
523,KS,Linn,La Cygne,OP,893.0,SUB,6,1973
524,KS,Linn,La Cygne,OP,685.0,SUB,5,1977
525,MO,Jackson,Hawthorn,OP,594.3,SUB,5,1969
526,MO,Henry,Montrose,OP,188.0,SUB,7,1958
527,MO,Henry,Montrose,OP,188.0,SUB,4,1960
528,MO,Henry,Montrose,OP,188.0,SUB,5,1964
529,MO,Platte,Iatan,OP,726.0,SUB,5,1980
530,MO,Platte,Iatan,OP,914.0,SUB,8,2010
531,KY,Mercer,E W Brown,OP,113.6,BIT,5,1957
532,KY,Mercer,E W Brown,OP,179.5,BIT,6,1963
533,KY,Mercer,E W Brown,OP,464.0,BIT,7,1971
534,KY,Carroll,Ghent,OP,556.9,BIT,2,1974
535,KY,Carroll,Ghent,OP,556.3,BIT,4,1977
536,KY,Carroll,Ghent,OP,556.5,BIT,5,1981
537,KY,Carroll,Ghent,OP,556.2,BIT,8,1984
538,KY,Muhlenberg,Green River,OP,75.0,BIT,4,1954
539,KY,Muhlenberg,Green River,OP,113.6,BIT,7,1959
540,KY,Woodford,Tyrone,SB,75.0,BIT,7,1953
541,PA,Delaware,Chester Operations,OP,67.0,WC,5,1986
542,FL,Polk,C D McIntosh Jr,OP,363.8,BIT,9,1982
543,CO,Prowers,Lamar Plant,OP,25.0,SUB,8,1972
544,CO,Prowers,Lamar Plant,OP,18.5,SUB,5,2009
545,IN,Cass,Logansport,OP,18.0,BIT,6,1958
546,IN,Cass,Logansport,OP,25.0,BIT,6,1964
547,UT,Millard,Intermountain Power Project,OP,820.0,BIT,6,1986
548,UT,Millard,Intermountain Power Project,OP,820.0,BIT,5,1987
549,KY,Jefferson,Cane Run,OP,163.2,BIT,5,1962
550,KY,Jefferson,Cane Run,OP,209.4,BIT,5,1966
551,KY,Jefferson,Cane Run,OP,272.0,BIT,5,1969
552,KY,Jefferson,Mill Creek,OP,355.5,BIT,8,1972
553,KY,Jefferson,Mill Creek,OP,355.5,BIT,7,1974
554,KY,Jefferson,Mill Creek,OP,462.6,BIT,8,1978
555,KY,Jefferson,Mill Creek,OP,543.6,BIT,9,1982
556,KY,Trimble,Trimble County,OP,566.1,BIT,12,1990
557,KY,Trimble,Trimble County,OP,834.0,BIT,1,2011
558,LA,Pointe Coupee,Big Cajun 2,OP,626.0,SUB,7,1981
559,LA,Pointe Coupee,Big Cajun 2,OP,626.0,SUB,7,1982
560,LA,Pointe Coupee,Big Cajun 2,OP,619.0,SUB,4,1983
561,TX,Fayette,Fayette Power Project,OP,615.0,SUB,6,1979
562,TX,Fayette,Fayette Power Project,OP,615.0,SUB,5,1980
563,TX,Fayette,Fayette Power Project,OP,460.0,SUB,4,1988
564,WI,Dane,Blount Street,OP,50.0,BIT,6,1957
565,WI,Dane,Blount Street,OP,50.0,BIT,7,1961
566,MI,Marquette,Shiras,OS,12.5,BIT,1,1967
567,MI,Marquette,Shiras,OP,21.0,BIT,1,1972
568,MI,Marquette,Shiras,OP,44.0,SUB,4,1983
569,MO,Saline,Marshall,OP,6.0,BIT,7,1956
570,MO,Saline,Marshall,OP,16.5,BIT,7,1967
571,ND,Morton,R M Heskett,OP,40.0,LIG,11,1954
572,ND,Morton,R M Heskett,OP,75.0,LIG,11,1963
573,MT,Richland,Lewis & Clark,OP,50.0,LIG,10,1958
574,WI,WINNEBAGO,Menasha,OP,7.5,SUB,12,1954
575,WI,WINNEBAGO,Menasha,OP,13.6,SUB,12,1964
576,WI,WINNEBAGO,Menasha,OP,6.9,SUB,10,2006
577,IA,Scott,Riverside,OP,5.0,SUB,5,1949
578,IA,Scott,Riverside,OP,136.0,SUB,6,1961
579,IA,Pottawattamie,Walter Scott Jr Energy Center,OP,49.0,SUB,3,1954
580,IA,Pottawattamie,Walter Scott Jr Energy Center,OP,81.6,SUB,10,1958
581,IA,Pottawattamie,Walter Scott Jr Energy Center,OP,725.8,SUB,12,1978
582,IA,Pottawattamie,Walter Scott Jr Energy Center,OP,922.5,SUB,6,2007
583,IA,Woodbury,George Neal North,OP,147.0,SUB,5,1964
584,IA,Woodbury,George Neal North,OP,349.2,SUB,5,1972
585,IA,Woodbury,George Neal North,OP,549.8,SUB,5,1975
586,IA,Louisa,Louisa,OP,811.9,SUB,10,1983
587,IA,Woodbury,George Neal South,OP,640.0,SUB,7,1979
588,IL,Will,Joliet 29,OP,660.0,SUB,4,1965
589,IL,Will,Joliet 29,OP,660.0,SUB,3,1966
590,IL,Cook,Crawford,OP,239.3,SUB,5,1958
591,IL,Cook,Crawford,OP,358.1,SUB,4,1961
592,IL,Will,Joliet 9,OP,360.4,SUB,6,1959
593,IL,Tazewell,Powerton,OP,892.8,SUB,9,1972
594,IL,Tazewell,Powerton,OP,892.8,SUB,12,1975
595,IL,Lake,Waukegan,OP,326.4,SUB,6,1958
596,IL,Lake,Waukegan,OP,355.3,SUB,7,1962
597,IL,Will,Will County,OP,299.2,SUB,6,1957
598,IL,Will,Will County,OP,598.4,SUB,6,1963
599,IL,Cook,Fisk Street,OP,374.0,SUB,7,1968
600,PA,Indiana,Homer City Station,OP,660.0,BIT,6,1969
601,PA,Indiana,Homer City Station,OP,660.0,BIT,8,1969
602,PA,Indiana,Homer City Station,OP,692.0,BIT,11,1977
603,MI,Ingham,T B Simon Power Plant,OP,12.5,BIT,12,1965
604,MI,Ingham,T B Simon Power Plant,OP,12.5,BIT,9,1966
605,MI,Ingham,T B Simon Power Plant,OP,15.0,BIT,12,1974
606,MI,Ingham,T B Simon Power Plant,OP,21.0,BIT,8,1993
607,MI,Ingham,T B Simon Power Plant,OP,24.0,BIT,5,2006
608,VA,Alexandria,Potomac River,OP,92.0,BIT,9,1949
609,VA,Alexandria,Potomac River,OP,92.0,BIT,6,1950
610,VA,Alexandria,Potomac River,OP,110.0,BIT,6,1954
611,VA,Alexandria,Potomac River,OP,110.0,BIT,2,1956
612,VA,Alexandria,Potomac River,OP,110.0,BIT,5,1957
613,MD,Prince Georges,Chalk Point LLC,OP,364.0,BIT,8,1964
614,MD,Prince Georges,Chalk Point LLC,OP,364.0,BIT,3,1965
615,MN,St Louis,Syl Laskin,OP,58.0,SUB,6,1953
616,MN,St Louis,Syl Laskin,OP,58.0,SUB,9,1953
617,MN,Itasca,Clay Boswell,OP,75.0,SUB,7,1958
618,MN,Itasca,Clay Boswell,OP,75.0,SUB,1,1960
619,MN,Itasca,Clay Boswell,OP,364.5,SUB,5,1973
620,MN,Itasca,Clay Boswell,OP,558.0,SUB,5,1980
621,MN,Cook,Taconite Harbor Energy Center,OP,84.0,SUB,1,1957
622,MN,Cook,Taconite Harbor Energy Center,OP,84.0,SUB,1,1957
623,MN,Cook,Taconite Harbor Energy Center,OP,84.0,SUB,1,1967
624,MD,Montgomery,Dickerson,OP,196.0,BIT,4,1960
625,MD,Montgomery,Dickerson,OP,196.0,BIT,3,1962
626,MD,Montgomery,Dickerson,OP,196.0,BIT,6,1959
627,MD,Charles,Morgantown Generating Plant,OP,626.0,BIT,6,1970
628,MD,Charles,Morgantown Generating Plant,OP,626.0,BIT,6,1971
629,ND,Oliver,Milton R Young,OP,257.0,LIG,10,1970
630,ND,Oliver,Milton R Young,OP,477.0,LIG,4,1977
631,MS,Harrison,Jack Watson,OP,299.2,BIT,6,1968
632,MS,Harrison,Jack Watson,OP,578.0,BIT,5,1973
633,MS,Jackson,Victor J Daniel Jr,OP,548.3,BIT,9,1977
634,MS,Jackson,Victor J Daniel Jr,OP,548.3,BIT,6,1981
635,WV,Preston,FirstEnergy Albright,OP,69.0,BIT,12,1952
636,WV,Preston,FirstEnergy Albright,OP,69.0,BIT,10,1952
637,WV,Preston,FirstEnergy Albright,OP,140.2,BIT,10,1954
638,WV,Monongalia,FirstEnergy Fort Martin Power Station,OP,576.0,BIT,10,1967
639,WV,Monongalia,FirstEnergy Fort Martin Power Station,OP,576.0,BIT,12,1968
640,WV,MARION,FirstEnergy Rivesville,OP,35.0,BIT,6,1943
641,WV,MARION,FirstEnergy Rivesville,OP,74.7,BIT,9,1951
642,WV,Pleasants,FirstEnergy Willow Island,OP,50.0,BIT,2,1949
643,WV,Pleasants,FirstEnergy Willow Island,OP,163.2,BIT,10,1960
644,MI,HILLSDALE,Endicott Station,OP,55.0,BIT,12,1982
645,WV,Monongalia,Morgantown Energy Facility,OP,68.9,WC,11,1991
646,OH,Wayne,Morton Salt Rittman,OP,1.5,BIT,10,1978
647,CA,Kern,Mt Poso Cogeneration,OP,62.0,BIT,5,1989
648,IA,Muscatine,Muscatine Plant #1,OP,25.0,SUB,4,1958
649,IA,Muscatine,Muscatine Plant #1,OP,75.0,SUB,1,1969
650,IA,Muscatine,Muscatine Plant #1,OP,18.0,SUB,7,2000
651,IA,Muscatine,Muscatine Plant #1,OP,175.5,SUB,4,1983
652,NY,Erie,C R Huntley Generating Station,OP,218.0,SUB,10,1957
653,NY,Erie,C R Huntley Generating Station,OP,218.0,SUB,11,1958
654,NE,Lancaster,Sheldon,OP,108.8,SUB,1,1961
655,NE,Lancaster,Sheldon,OP,119.9,SUB,1,1965
656,NE,Lincoln,Gerald Gentleman,OP,681.3,SUB,4,1979
657,NE,Lincoln,Gerald Gentleman,OP,681.3,SUB,1,1982
658,NV,Clark,Reid Gardner,OP,114.0,BIT,6,1965
659,NV,Clark,Reid Gardner,OP,114.0,BIT,6,1968
660,NV,Clark,Reid Gardner,OP,114.0,BIT,5,1976
661,NV,Clark,Reid Gardner,OP,294.8,BIT,7,1983
662,NY,Chautauqua,Dunkirk Generating Plant,OP,96.0,SUB,11,1950
663,NY,Chautauqua,Dunkirk Generating Plant,OP,96.0,SUB,12,1950
664,NY,Chautauqua,Dunkirk Generating Plant,OP,217.6,SUB,9,1959
665,NY,Chautauqua,Dunkirk Generating Plant,OP,217.6,SUB,8,1960
666,PA,Blair,Juniata Locomotive Shop,OP,2.0,BIT,8,1955
667,PA,Blair,Juniata Locomotive Shop,OP,2.0,BIT,8,1955
668,NC,Bladen,Elizabethtown Power LLC,OS,34.7,BIT,12,1985
669,NC,Robeson,Lumberton,OS,34.7,BIT,12,1985
670,IN,Porter,Bailly,OP,190.4,BIT,11,1962
671,IN,Porter,Bailly,OP,413.1,BIT,7,1968
672,IN,La Porte,Michigan City,OP,540.0,SUB,5,1974
673,IN,Jasper,R M Schahfer,OP,540.0,SUB,12,1976
674,IN,Jasper,R M Schahfer,OP,556.4,SUB,10,1979
675,IN,Jasper,R M Schahfer,OP,423.5,BIT,4,1983
676,IN,Jasper,R M Schahfer,OP,423.5,BIT,2,1986
677,MN,Dakota,Black Dog,OP,113.6,SUB,7,1955
678,MN,Dakota,Black Dog,OP,179.5,SUB,9,1960
679,MN,Washington,Allen S King,OP,598.4,SUB,3,1958
680,WI,Ashland,Bay Front,OP,27.2,SUB,1,1957
681,MN,Sherburne,Sherburne County,OP,765.3,SUB,4,1976
682,MN,Sherburne,Sherburne County,OP,765.3,SUB,3,1977
683,MN,Sherburne,Sherburne County,OP,900.0,SUB,10,1987
684,PA,Schuylkill,Kline Township Cogen Facility,OP,59.0,WC,7,1989
685,OH,Coshocton,Conesville,OP,161.5,BIT,10,1962
686,OH,Coshocton,Conesville,OP,841.5,BIT,6,1973
687,OH,Coshocton,Conesville,OP,443.9,BIT,11,1976
688,OH,Coshocton,Conesville,OP,443.9,BIT,6,1978
689,OH,Pickaway,Picway,OP,106.2,BIT,11,1955
690,OH,Washington,Muskingum River,OP,219.6,BIT,12,1953
691,OH,Washington,Muskingum River,OP,219.6,BIT,6,1954
692,OH,Washington,Muskingum River,OP,237.5,BIT,12,1957
693,OH,Washington,Muskingum River,OP,237.5,BIT,5,1958
694,OH,Washington,Muskingum River,OP,615.2,BIT,10,1968
695,WV,Marshall,Kammer,OP,237.5,BIT,7,1958
696,WV,Marshall,Kammer,OP,237.5,BIT,11,1958
697,WV,Marshall,Kammer,OP,237.5,BIT,3,1959
698,WV,Marshall,Mitchell,OP,816.3,BIT,5,1971
699,WV,Marshall,Mitchell,OP,816.3,BIT,5,1971
700,OH,Gallia,General James M Gavin,OP,1300.0,BIT,10,1974
701,OH,Gallia,General James M Gavin,OP,1300.0,BIT,7,1975
702,OH,Gallia,Kyger Creek,OP,217.3,BIT,2,1955
703,OH,Gallia,Kyger Creek,OP,217.3,BIT,6,1955
704,OH,Gallia,Kyger Creek,OP,217.3,BIT,9,1955
705,OH,Gallia,Kyger Creek,OP,217.3,BIT,11,1955
706,OH,Gallia,Kyger Creek,OP,217.3,BIT,12,1955
707,OK,Muskogee,Muskogee,OP,572.0,SUB,12,1977
708,OK,Muskogee,Muskogee,OP,572.0,SUB,10,1978
709,OK,Muskogee,Muskogee,OP,572.0,SUB,6,1984
710,OK,Noble,Sooner,OP,569.0,SUB,11,1979
711,OK,Noble,Sooner,OP,569.0,SUB,12,1980
712,NE,Douglas,North Omaha,OP,73.5,SUB,7,1954
713,NE,Douglas,North Omaha,OP,108.8,SUB,4,1957
714,NE,Douglas,North Omaha,OP,108.8,SUB,4,1959
715,NE,Douglas,North Omaha,OP,136.0,SUB,3,1963
716,NE,Douglas,North Omaha,OP,217.6,SUB,5,1968
717,NE,Otoe,Nebraska City,OP,651.6,SUB,4,1979
718,NE,Otoe,Nebraska City,OP,738.0,SUB,5,2009
719,OH,Lorain,Avon Lake,OP,86.0,BIT,1,1949
720,OH,Lorain,Avon Lake,OP,680.0,BIT,1,1970
721,OH,Trumbull,Niles,OP,132.8,BIT,1,1954
722,OH,Trumbull,Niles,OP,132.8,BIT,1,1954
723,PA,Washington,Elrama Power Plant,OP,100.0,BIT,4,1952
724,PA,Washington,Elrama Power Plant,OP,100.0,BIT,1,1953
725,PA,Washington,Elrama Power Plant,OP,125.0,BIT,9,1954
726,PA,Washington,Elrama Power Plant,OP,185.0,BIT,10,1960
727,PA,Lawrence,New Castle Plant,OP,98.0,BIT,9,1952
728,PA,Lawrence,New Castle Plant,OP,114.0,BIT,8,1958
729,PA,Lawrence,New Castle Plant,OP,136.0,BIT,6,1964
730,PA,Allegheny,Cheswick Power Plant,OP,637.0,BIT,6,1970
731,OH,Wayne,Orrville,OP,25.0,BIT,1,1971
732,OH,Wayne,Orrville,OP,25.0,BIT,1,1971
733,OH,Wayne,Orrville,OS,5.0,BIT,1,1949
734,OH,Wayne,Orrville,OS,7.5,BIT,1,1955
735,OH,Wayne,Orrville,OP,22.0,BIT,1,1961
736,MN,Otter Tail,Hoot Lake,OP,54.4,SUB,10,1959
737,MN,Otter Tail,Hoot Lake,OP,75.0,SUB,5,1964
738,SD,Grant,Big Stone,OP,456.0,SUB,5,1975
739,ND,Mercer,Coyote,OP,450.0,LIG,5,1981
740,KY,Daviess,Elmer Smith,OP,163.2,BIT,4,1964
741,KY,Daviess,Elmer Smith,OP,282.1,BIT,3,1974
742,PA,York,P H Glatfelter,OP,6.0,BIT,7,1948
743,PA,York,P H Glatfelter,SB,5.9,BIT,4,1975
744,PA,York,P H Glatfelter,OP,5.1,BIT,5,1948
745,PA,York,P H Glatfelter,OP,7.5,BIT,8,1962
746,PA,York,P H Glatfelter,OP,45.9,BIT,5,1989
747,UT,Carbon,Carbon,OP,75.0,BIT,11,1954
748,UT,Carbon,Carbon,OP,113.6,BIT,9,1957
749,WY,Converse,Dave Johnston,OP,113.6,SUB,2,1959
750,WY,Converse,Dave Johnston,OP,113.6,SUB,1,1961
751,WY,Converse,Dave Johnston,OP,229.5,SUB,12,1964
752,WY,Converse,Dave Johnston,OP,360.0,SUB,7,1972
753,WY,Lincoln,Naughton,OP,163.2,SUB,5,1963
754,WY,Lincoln,Naughton,OP,217.6,SUB,10,1968
755,WY,Lincoln,Naughton,OP,326.4,SUB,10,1971
756,WY,Campbell,Wyodak,OP,362.0,SUB,9,1978
757,UT,Emery,Hunter,OP,488.3,BIT,6,1978
758,UT,Emery,Hunter,OP,488.3,BIT,6,1980
759,UT,Emery,Hunter,OP,495.6,BIT,6,1983
760,WY,Sweetwater,Jim Bridger,OP,577.9,SUB,11,1974
761,WY,Sweetwater,Jim Bridger,OP,577.9,SUB,12,1975
762,WY,Sweetwater,Jim Bridger,OP,577.9,SUB,9,1976
763,WY,Sweetwater,Jim Bridger,OP,584.0,SUB,11,1979
764,UT,Emery,Huntington,OP,498.0,BIT,6,1977
765,UT,Emery,Huntington,OP,498.0,BIT,7,1974
766,WI,Lincoln,Packaging of America Tomahawk Mill,OP,6.3,BIT,6,1948
767,WI,Lincoln,Packaging of America Tomahawk Mill,OP,9.4,BIT,8,1978
768,OH,Lake,Painesville,SB,7.5,BIT,1,1953
769,OH,Lake,Painesville,OP,16.5,BIT,1,1965
770,OH,Lake,Painesville,OP,22.0,BIT,2,1990
771,OH,Lake,Painesville,SB,7.5,BIT,1,1949
772,PA,Carbon,Panther Creek Energy Facility,OP,94.0,WC,7,1992
773,VA,Chesterfield,Park 500 Philip Morris USA,SB,6.1,BIT,4,1984
774,VA,Chesterfield,Park 500 Philip Morris USA,OP,13.0,BIT,9,1983
775,FL,Orange,Stanton Energy Center,OP,464.5,BIT,7,1987
776,FL,Orange,Stanton Energy Center,OP,464.5,BIT,6,1996
777,IA,Marion,Pella,OP,11.5,SUB,5,1964
778,IA,Marion,Pella,OP,26.5,SUB,7,1972
779,VA,Chesapeake,Oilseed Plant,OS,1.7,BIT,5,1985
780,IN,Miami,Peru,OP,22.0,BIT,2,1959
781,IN,Miami,Peru,OP,12.5,BIT,6,1949
782,NJ,Gloucester,Logan Generating Company LP,OP,242.3,BIT,9,1994
783,NJ,Salem,Chambers Cogeneration LP,OP,285.0,BIT,3,1994
784,PA,Northampton,Northampton Generating Company LP,OP,114.1,WC,8,1995
785,PA,Venango,Scrubgrass Generating Company LP,OP,94.7,WC,6,1993
786,FL,Martin,Indiantown Cogeneration LP,OP,395.4,BIT,12,1995
787,CO,Larimer,Rawhide,OP,293.6,SUB,4,1984
788,NJ,Hudson,PSEG Hudson Generating Station,OP,659.7,BIT,12,1968
789,NJ,Mercer,PSEG Mercer Generating Station,OP,326.4,BIT,12,1960
790,NJ,Mercer,PSEG Mercer Generating Station,OP,326.4,BIT,6,1961
791,OR,Morrow,Boardman,OP,601.0,SUB,8,1980
792,MT,Yellowstone,J E Corette Plant,OP,172.8,SUB,6,1968
793,MT,Rosebud,Colstrip,OP,358.0,SUB,11,1975
794,MT,Rosebud,Colstrip,OP,358.0,SUB,8,1976
795,MT,Rosebud,Colstrip,OP,778.0,SUB,1,1984
796,MT,Rosebud,Colstrip,OP,778.0,SUB,4,1986
797,OH,Hamilton,Procter & Gamble Cincinnati Plant,OP,12.5,BIT,11,1965
798,CT,Fairfield,Bridgeport Station,OP,400.0,SUB,8,1968
799,CO,Denver,Arapahoe,OP,40.0,SUB,6,1951
800,CO,Denver,Arapahoe,OP,112.5,SUB,6,1955
801,CO,Adams,Cherokee,OP,125.0,BIT,6,1957
802,CO,Adams,Cherokee,OP,170.5,BIT,6,1962
803,CO,Adams,Cherokee,OP,380.8,BIT,6,1968
804,CO,Pueblo,Comanche,OP,382.5,SUB,6,1973
805,CO,Pueblo,Comanche,OP,396.0,SUB,6,1975
806,CO,Pueblo,Comanche,OP,856.8,SUB,7,2010
807,CO,Boulder,Valmont,OP,191.7,BIT,5,1964
808,CO,Routt,Hayden,OP,163.2,BIT,7,1965
809,CO,Routt,Hayden,OP,275.4,BIT,9,1976
810,CO,Morgan,Pawnee,OP,552.3,SUB,11,1981
811,IN,Vermillion,Cayuga,OP,531.0,BIT,10,1970
812,IN,Vermillion,Cayuga,OP,531.0,BIT,6,1972
813,IN,Floyd,R Gallagher,OP,150.0,BIT,6,1959
814,IN,Floyd,R Gallagher,OP,150.0,BIT,12,1958
815,IN,Floyd,R Gallagher,OP,150.0,BIT,4,1960
816,IN,Floyd,R Gallagher,OP,150.0,BIT,3,1961
817,IN,Vigo,Wabash River,OP,112.5,BIT,8,1953
818,IN,Vigo,Wabash River,OP,123.2,BIT,9,1954
819,IN,Vigo,Wabash River,OP,112.5,BIT,1,1955
820,IN,Vigo,Wabash River,OP,125.0,BIT,5,1956
821,IN,Vigo,Wabash River,OP,387.0,BIT,8,1968
822,IN,Gibson,Gibson,OP,667.9,BIT,5,1976
823,IN,Gibson,Gibson,OP,667.9,BIT,4,1975
824,IN,Gibson,Gibson,OP,667.9,BIT,3,1978
825,IN,Gibson,Gibson,OP,667.9,BIT,3,1979
826,IN,Gibson,Gibson,OP,667.9,BIT,10,1982
827,NH,Merrimack,Merrimack,OP,113.6,BIT,12,1960
828,NH,Merrimack,Merrimack,OP,345.6,BIT,5,1968
829,NH,Rockingham,Schiller,OP,50.0,BIT,10,1952
830,NH,Rockingham,Schiller,OP,50.0,BIT,7,1957
831,NM,San Juan,San Juan,OP,369.0,SUB,12,1976
832,NM,San Juan,San Juan,OP,369.0,SUB,11,1973
833,NM,San Juan,San Juan,OP,555.0,SUB,12,1979
834,NM,San Juan,San Juan,OP,555.0,SUB,4,1982
835,TX,Wilbarger,Oklaunion,OP,720.0,SUB,12,1986
836,OK,Rogers,Northeastern,OP,473.0,SUB,12,1979
837,OK,Rogers,Northeastern,OP,473.0,SUB,9,1980
838,IN,Tippecanoe,Purdue University,OP,30.8,BIT,7,1995
839,IN,Tippecanoe,Purdue University,OP,10.6,BIT,1,1969
840,PA,Montour,PPL Montour,OP,805.5,BIT,2,1971
841,PA,Montour,PPL Montour,OP,17.2,BIT,4,1973
842,PA,Montour,PPL Montour,OP,819.0,BIT,4,1973
843,PA,York,PPL Brunner Island,OP,363.3,BIT,5,1961
844,PA,York,PPL Brunner Island,OP,405.0,BIT,9,1965
845,PA,York,PPL Brunner Island,OP,790.4,BIT,6,1969
846,PA,Indiana,Conemaugh,OP,936.0,BIT,5,1970
847,PA,Indiana,Conemaugh,OP,936.0,BIT,5,1971
848,PA,Armstrong,Keystone,OP,936.0,BIT,8,1967
849,PA,Armstrong,Keystone,OP,936.0,BIT,7,1968
850,IN,WAYNE,Whitewater Valley,OP,33.0,BIT,3,1955
851,IN,WAYNE,Whitewater Valley,OP,60.9,BIT,8,1973
852,CA,Kern,Rio Bravo Poso,OP,38.2,BIT,9,1989
853,CA,Kern,Rio Bravo Jasmin,OP,38.2,SUB,9,1989
854,MN,Olmsted,Silver Lake,OP,8.0,BIT,8,1948
855,MN,Olmsted,Silver Lake,OP,12.0,BIT,12,1953
856,MN,Olmsted,Silver Lake,OP,25.0,BIT,11,1962
857,MN,Olmsted,Silver Lake,OP,54.0,BIT,12,1969
858,MT,Big Horn,Hardin Generator Project,OP,115.7,SUB,3,2006
859,MA,Worcester,Norton Powerhouse,OP,2.5,BIT,1,1939
860,MA,Worcester,Norton Powerhouse,OP,3.1,BIT,1,1954
861,AZ,Coconino,Navajo,OP,803.1,BIT,5,1974
862,AZ,Coconino,Navajo,OP,803.1,BIT,4,1975
863,AZ,Coconino,Navajo,OP,803.1,BIT,4,1976
864,AZ,Apache,Coronado,OP,410.9,SUB,12,1979
865,AZ,Apache,Coronado,OP,410.9,SUB,10,1980
866,TX,Bexar,J T Deely,OP,486.0,SUB,8,1977
867,TX,Bexar,J T Deely,OP,446.0,SUB,8,1978
868,TX,Bexar,J K Spruce,OP,566.0,SUB,12,1992
869,TX,Bexar,J K Spruce,OP,878.0,SUB,5,2010
870,TX,Atascosa,San Miguel,OP,410.0,LIG,1,1982
871,PA,Schuylkill,St Nicholas Cogen Project,OP,99.2,WC,9,1990
872,OH,Richland,Shelby Municipal Light Plant,OS,12.5,BIT,6,1968
873,OH,Richland,Shelby Municipal Light Plant,OS,12.5,BIT,5,1973
874,OH,Richland,Shelby Municipal Light Plant,OS,5.0,BIT,4,1948
875,OH,Richland,Shelby Municipal Light Plant,SB,7.0,BIT,6,1954
876,NV,Humboldt,North Valmy,OP,277.2,BIT,12,1981
877,NV,Humboldt,North Valmy,OP,289.8,BIT,5,1985
878,MO,Scott,Sikeston Power Station,OP,261.0,SUB,9,1981
879,PA,Northampton,Portland,OP,172.0,BIT,10,1958
880,PA,Northampton,Portland,OP,255.0,BIT,9,1962
881,PA,Berks,Titus,OP,75.0,BIT,3,1951
882,PA,Berks,Titus,OP,75.0,BIT,6,1951
883,PA,Berks,Titus,OP,75.0,BIT,4,1953
884,PA,Clearfield,Shawville,OP,125.0,BIT,8,1954
885,PA,Clearfield,Shawville,OP,125.0,BIT,3,1954
886,PA,Clearfield,Shawville,OP,188.0,BIT,12,1959
887,PA,Clearfield,Shawville,OP,188.0,BIT,4,1960
888,SC,Colleton,Canadys Steam,OP,136.0,BIT,4,1962
889,SC,Colleton,Canadys Steam,OP,136.0,BIT,5,1964
890,SC,Colleton,Canadys Steam,OP,217.6,BIT,6,1967
891,SC,Lexington,McMeekin,OP,146.8,BIT,7,1958
892,SC,Lexington,McMeekin,OP,146.8,BIT,12,1958
893,SC,Aiken,Urquhart,OP,100.0,BIT,11,1955
894,SC,Richland,Wateree,OP,385.9,BIT,9,1970
895,SC,Richland,Wateree,OP,385.9,BIT,12,1971
896,SC,Orangeburg,Cope,OP,417.3,BIT,1,1996
897,SC,Charleston,Cogen South,OP,99.2,BIT,4,1999
898,SC,Berkeley,Cross,OP,590.9,BIT,5,1995
899,SC,Berkeley,Cross,OP,556.2,BIT,5,1984
900,SC,Berkeley,Cross,OP,591.0,BIT,1,2007
901,SC,Berkeley,Cross,OP,652.0,BIT,10,2008
902,SC,Horry,Dolphus M Grainger,OP,81.6,BIT,6,1966
903,SC,Horry,Dolphus M Grainger,OP,81.6,BIT,6,1966
904,SC,Berkeley,Jefferies,OP,172.8,BIT,1,1970
905,SC,Berkeley,Jefferies,OP,172.8,BIT,1,1970
906,SC,Georgetown,Winyah,OP,315.0,BIT,3,1975
907,SC,Georgetown,Winyah,OP,315.0,BIT,7,1977
908,SC,Georgetown,Winyah,OP,315.0,BIT,5,1980
909,SC,Georgetown,Winyah,OP,315.0,BIT,11,1981
910,SC,Berkeley,Williams,OP,632.7,BIT,7,1973
911,MS,Lamar,R D Morrow,OP,200.0,BIT,4,1978
912,MS,Lamar,R D Morrow,OP,200.0,BIT,12,1978
913,MN,Renville,Southern Minnesota Beet Sugar,SB,7.5,SUB,9,1976
914,NV,Clark,Mohave,OS,818.1,SUB,4,1971
915,NV,Clark,Mohave,OS,818.1,SUB,10,1971
916,GA,Laurens,Dublin Mill,OP,45.0,BIT,7,1989
917,IL,Williamson,Marion,OP,33.0,BIT,6,1963
918,IL,Williamson,Marion,OP,33.0,BIT,8,1963
919,IL,Williamson,Marion,OP,33.0,BIT,9,1963
920,IL,Williamson,Marion,OP,173.0,BIT,10,1978
921,IN,Warrick,F B Culley,OP,103.7,BIT,12,1966
922,IN,Warrick,F B Culley,OP,265.2,BIT,6,1973
923,IN,Posey,A B Brown,OP,265.2,BIT,3,1979
924,IN,Posey,A B Brown,OP,265.2,BIT,2,1986
925,AR,Benton,Flint Creek,OP,558.0,SUB,5,1978
926,TX,Titus,Welsh,OP,558.0,SUB,3,1977
927,TX,Titus,Welsh,OP,558.0,SUB,4,1980
928,TX,Titus,Welsh,OP,558.0,SUB,3,1982
929,TX,Harrison,Pirkey,OP,721.0,LIG,1,1985
930,TX,Potter,Harrington,OP,360.0,SUB,1,1976
931,TX,Potter,Harrington,OP,360.0,SUB,1,1978
932,TX,Potter,Harrington,OP,360.0,SUB,1,1980
933,TX,Lamb,Tolk,OP,567.9,SUB,1,1982
934,TX,Lamb,Tolk,OP,567.9,SUB,1,1985
935,IL,Sangamon,Dallman,OP,90.2,BIT,6,1968
936,IL,Sangamon,Dallman,OP,90.2,BIT,6,1972
937,IL,Sangamon,Dallman,OP,207.3,BIT,6,1978
938,IL,Sangamon,Dallman,OP,280.0,BIT,5,2009
939,MO,Greene,James River Power Station,OP,22.0,SUB,8,1957
940,MO,Greene,James River Power Station,OP,22.0,SUB,6,1957
941,MO,Greene,James River Power Station,OP,44.0,SUB,2,1960
942,MO,Greene,James River Power Station,OP,60.0,SUB,5,1964
943,MO,Greene,James River Power Station,OP,105.0,SUB,5,1970
944,MO,Greene,John Twitty Energy Center,OP,194.0,SUB,6,1976
945,MO,Greene,John Twitty Energy Center,OP,300.0,SUB,1,2011
946,WI,Dodge,Waupun Correctional Central Heating Plt,OP,1.0,BIT,5,1951
947,WI,Dodge,Waupun Correctional Central Heating Plt,OP,1.0,BIT,5,1951
948,WI,DANE,UW Madison Charter Street Plant,OP,9.7,BIT,1,1965
949,IN,Lake,State Line Energy,OP,124.9,SUB,12,1955
950,IN,Lake,State Line Energy,OA,100.0,SUB,12,1955
951,IN,Lake,State Line Energy,OP,209.4,SUB,5,1962
952,IN,Lake,State Line Energy,OA,179.5,SUB,5,1962
953,SC,Florence,Florence Mill,OP,79.1,BIT,3,1987
954,KS,Finney,Holcomb,OP,348.7,SUB,8,1983
955,MI,Manistee,TES Filer City Station,OP,70.0,BIT,5,1990
956,FL,Hillsborough,Big Bend,OP,445.5,BIT,10,1970
957,FL,Hillsborough,Big Bend,OP,445.5,BIT,4,1973
958,FL,Hillsborough,Big Bend,OP,445.5,BIT,5,1976
959,FL,Hillsborough,Big Bend,OP,486.0,BIT,2,1985
960,FL,Polk,Polk,OP,133.4,SGC,9,1996
961,FL,Polk,Polk,OP,192.9,SGC,9,1996
962,AL,Colbert,Colbert,OP,200.0,BIT,1,1955
963,AL,Colbert,Colbert,OP,200.0,BIT,3,1955
964,AL,Colbert,Colbert,OP,200.0,BIT,7,1955
965,AL,Colbert,Colbert,OP,200.0,BIT,11,1955
966,AL,Colbert,Colbert,OP,550.0,BIT,11,1965
967,AL,Jackson,Widows Creek,OS,140.6,BIT,7,1952
968,AL,Jackson,Widows Creek,OS,140.6,BIT,10,1952
969,AL,Jackson,Widows Creek,OS,140.6,BIT,11,1952
970,AL,Jackson,Widows Creek,OS,140.6,BIT,1,1953
971,AL,Jackson,Widows Creek,OS,140.6,BIT,6,1954
972,AL,Jackson,Widows Creek,OP,140.6,BIT,7,1954
973,AL,Jackson,Widows Creek,OP,575.0,BIT,2,1961
974,AL,Jackson,Widows Creek,OP,550.0,BIT,2,1965
975,KY,Muhlenberg,Paradise,OP,704.0,BIT,11,1963
976,KY,Muhlenberg,Paradise,OP,704.0,BIT,5,1963
977,KY,Muhlenberg,Paradise,OP,1150.2,SUB,2,1970
978,KY,McCracken,Shawnee,OP,175.0,BIT,4,1953
979,KY,McCracken,Shawnee,OS,175.0,BIT,10,1956
980,KY,McCracken,Shawnee,OP,175.0,BIT,6,1953
981,KY,McCracken,Shawnee,OP,175.0,BIT,10,1953
982,KY,McCracken,Shawnee,OP,175.0,BIT,1,1954
983,KY,McCracken,Shawnee,OP,175.0,BIT,10,1954
984,KY,McCracken,Shawnee,OP,175.0,BIT,11,1954
985,KY,McCracken,Shawnee,OP,175.0,BIT,12,1954
986,KY,McCracken,Shawnee,OP,175.0,BIT,3,1955
987,KY,McCracken,Shawnee,OP,175.0,BIT,7,1955
988,TN,Shelby,Allen Steam Plant,OP,330.0,SUB,5,1959
989,TN,Shelby,Allen Steam Plant,OP,330.0,SUB,5,1959
990,TN,Shelby,Allen Steam Plant,OP,330.0,SUB,10,1959
991,TN,Anderson,Bull Run,OP,950.0,BIT,6,1967
992,TN,Stewart,Cumberland,OP,1300.0,BIT,3,1973
993,TN,Stewart,Cumberland,OP,1300.0,BIT,11,1973
994,TN,Sumner,Gallatin,OP,300.0,SUB,11,1956
995,TN,Sumner,Gallatin,OP,300.0,SUB,6,1957
996,TN,Sumner,Gallatin,OP,327.6,SUB,5,1959
997,TN,Sumner,Gallatin,OP,327.6,SUB,8,1959
998,TN,Hawkins,John Sevier,OP,200.0,BIT,7,1955
999,TN,Hawkins,John Sevier,OP,200.0,BIT,9,1955
1000,TN,Hawkins,John Sevier,OP,200.0,BIT,2,1956
1001,TN,Hawkins,John Sevier,OP,200.0,BIT,10,1957
1002,TN,Humphreys,Johnsonville,OP,125.0,SUB,10,1951
1003,TN,Humphreys,Johnsonville,OP,172.8,SUB,8,1959
1004,TN,Humphreys,Johnsonville,OP,125.0,SUB,11,1951
1005,TN,Humphreys,Johnsonville,OP,125.0,SUB,2,1952
1006,TN,Humphreys,Johnsonville,OP,125.0,SUB,4,1952
1007,TN,Humphreys,Johnsonville,OP,147.0,SUB,11,1952
1008,TN,Humphreys,Johnsonville,OP,147.0,SUB,2,1953
1009,TN,Humphreys,Johnsonville,OP,172.8,SUB,11,1958
1010,TN,Humphreys,Johnsonville,OP,172.8,SUB,1,1959
1011,TN,Humphreys,Johnsonville,OP,172.8,SUB,6,1959
1012,TN,Roane,Kingston,OP,175.0,BIT,2,1954
1013,TN,Roane,Kingston,OP,175.0,BIT,4,1954
1014,TN,Roane,Kingston,OP,175.0,BIT,6,1954
1015,TN,Roane,Kingston,OP,175.0,BIT,7,1954
1016,TN,Roane,Kingston,OP,200.0,BIT,1,1955
1017,TN,Roane,Kingston,OP,200.0,BIT,3,1955
1018,TN,Roane,Kingston,OP,200.0,BIT,5,1955
1019,TN,Roane,Kingston,OP,200.0,BIT,8,1955
1020,TN,Roane,Kingston,OP,200.0,BIT,12,1955
1021,TX,Grimes,Gibbons Creek,OP,453.5,SUB,10,1983
1022,WA,Lewis,Transalta Centralia Generation,OP,729.9,SUB,12,1972
1023,WA,Lewis,Transalta Centralia Generation,OP,729.9,SUB,7,1973
1024,IL,Douglas,Tuscola Station,SB,6.0,BIT,6,1953
1025,IL,Douglas,Tuscola Station,OP,6.0,BIT,6,1953
1026,IL,Douglas,Tuscola Station,OP,6.0,BIT,1,2001
1027,CO,Jefferson,Colorado Energy Nations Company,OP,7.5,BIT,9,1976
1028,CO,Jefferson,Colorado Energy Nations Company,OP,7.5,BIT,5,1977
1029,CO,Jefferson,Colorado Energy Nations Company,OP,20.0,BIT,6,1983
1030,CO,Jefferson,Colorado Energy Nations Company,SB,0.4,BIT,10,1997
1031,NY,Onondaga,Trigen Syracuse Energy,OP,90.6,BIT,8,1991
1032,NY,Onondaga,Trigen Syracuse Energy,OP,10.5,BIT,7,2002
1033,CO,LAS ANIMAS,Trinidad,OS,3.7,BIT,5,1950
1034,TX,Milam,Sandow No 4,OP,590.6,LIG,5,1981
1035,MO,Franklin,Labadie,OP,573.7,SUB,6,1970
1036,MO,Franklin,Labadie,OP,573.7,SUB,6,1971
1037,MO,Franklin,Labadie,OP,621.0,SUB,8,1972
1038,MO,Franklin,Labadie,OP,621.0,SUB,8,1973
1039,MO,St Louis,Meramec,OP,137.5,SUB,5,1953
1040,MO,St Louis,Meramec,OP,137.5,SUB,7,1954
1041,MO,St Louis,Meramec,OP,289.0,SUB,1,1959
1042,MO,St Louis,Meramec,OP,359.0,SUB,7,1961
1043,MO,St Charles,Sioux,OP,549.7,SUB,5,1967
1044,MO,St Charles,Sioux,OP,549.7,SUB,5,1968
1045,MO,Jefferson,Rush Island,OP,621.0,SUB,3,1976
1046,MO,Jefferson,Rush Island,OP,621.0,SUB,3,1977
1047,AK,Fairbanks North Star,University of Alaska Fairbanks,OP,1.5,SUB,1,1964
1048,AK,Fairbanks North Star,University of Alaska Fairbanks,OP,1.5,SUB,1,1964
1049,AK,Fairbanks North Star,University of Alaska Fairbanks,OP,10.0,SUB,4,1981
1050,IL,Champaign,University of Illinois Abbott Power Plt,OP,12.5,BIT,8,2004
1051,IL,Champaign,University of Illinois Abbott Power Plt,OP,12.5,BIT,6,2004
1052,IL,Champaign,University of Illinois Abbott Power Plt,OP,7.0,BIT,4,2004
1053,IL,Champaign,University of Illinois Abbott Power Plt,OP,7.5,BIT,6,1959
1054,IL,Champaign,University of Illinois Abbott Power Plt,OP,7.5,BIT,8,1962
1055,IA,Johnson,University of Iowa Main Power Plant,OP,3.0,BIT,1,1947
1056,IA,Johnson,University of Iowa Main Power Plant,OP,3.0,BIT,1,1956
1057,IA,Johnson,University of Iowa Main Power Plant,OP,15.0,BIT,1,1974
1058,NC,Orange,Univ of NC Chapel Hill Cogen Facility,OP,28.0,BIT,7,1991
1059,SD,Pennington,Ben French,OP,25.0,SUB,1,1961
1060,WY,Campbell,Neil Simpson,OP,21.7,SUB,9,1969
1061,WY,Weston,Osage,SB,11.5,SUB,10,1948
1062,WY,Weston,Osage,SB,11.5,SUB,10,1949
1063,WY,Weston,Osage,SB,11.5,SUB,9,1952
1064,WY,Campbell,Neil Simpson II,OP,80.0,SUB,9,1995
1065,WY,CAMPBELL,Wygen 1,OP,88.0,SUB,1,2003
1066,WY,Campbell,Wygen 2,OP,95.0,SUB,1,2008
1067,WY,CAMPBELL,Wygen III,OP,116.2,SUB,4,2010
1068,IN,ST JOSEPH,University of Notre Dame,OP,3.0,BIT,6,1962
1069,IN,ST JOSEPH,University of Notre Dame,OP,1.7,BIT,7,1952
1070,IN,ST JOSEPH,University of Notre Dame,OP,2.0,BIT,9,1956
1071,IN,ST JOSEPH,University of Notre Dame,OP,5.0,BIT,2,1967
1072,IN,ST JOSEPH,University of Notre Dame,OP,9.4,BIT,3,2000
1073,MI,Delta,Escanaba,OP,11.5,BIT,5,1958
1074,MI,Delta,Escanaba,OP,11.5,BIT,5,1958
1075,TN,Davidson,Vanderbilt University Power Plant,OP,6.5,BIT,11,1988
1076,TN,Davidson,Vanderbilt University Power Plant,OP,4.5,BIT,6,1989
1077,VA,Fluvanna,Bremo Bluff,OP,69.0,BIT,6,1950
1078,VA,Fluvanna,Bremo Bluff,OP,185.2,BIT,8,1958
1079,VA,Chesterfield,Chesterfield,OP,112.5,BIT,12,1952
1080,VA,Chesterfield,Chesterfield,OP,187.5,BIT,6,1960
1081,VA,Chesterfield,Chesterfield,OP,359.0,BIT,8,1964
1082,VA,Chesterfield,Chesterfield,OP,693.9,BIT,12,1969
1083,VA,Chesapeake,Chesapeake,OP,185.2,BIT,6,1959
1084,VA,Chesapeake,Chesapeake,OP,112.5,BIT,6,1953
1085,VA,Chesapeake,Chesapeake,OP,112.5,BIT,12,1954
1086,VA,Chesapeake,Chesapeake,OP,239.3,BIT,5,1962
1087,VA,York,Yorktown,OP,187.5,BIT,7,1957
1088,VA,York,Yorktown,OP,187.5,BIT,1,1959
1089,WV,Grant,Mt Storm,OP,570.2,BIT,9,1965
1090,WV,Grant,Mt Storm,OP,570.2,BIT,7,1966
1091,WV,Grant,Mt Storm,OP,522.0,BIT,12,1973
1092,VA,Halifax,Clover,OP,424.0,BIT,10,1995
1093,VA,Halifax,Clover,OP,424.0,BIT,3,1996
1094,WV,Grant,North Branch,OS,80.0,WC,5,1992
1095,VA,Hopewell City,Hopewell Power Station,OP,71.1,BIT,7,1992
1096,VA,Campbell,Altavista Power Station,OP,71.1,BIT,2,1992
1097,VA,Southampton,Southampton Power Station,OP,71.1,BIT,3,1992
1098,VA,Mecklenburg,Mecklenburg Power Station,OP,69.9,BIT,11,1992
1099,VA,Mecklenburg,Mecklenburg Power Station,OP,69.9,BIT,11,1992
1100,MN,St Louis,Virginia,OS,4.0,SUB,8,1992
1101,MN,St Louis,Virginia,OP,7.5,SUB,8,1954
1102,MN,St Louis,Virginia,OP,18.7,SUB,8,1971
1103,OK,Choctaw,Hugo,OP,446.0,SUB,4,1982
1104,VA,Covington,Covington Facility,OP,10.5,BIT,1,1939
1105,VA,Covington,Covington Facility,OP,10.5,BIT,1,1946
1106,VA,Covington,Covington Facility,OP,10.5,BIT,1,1951
1107,VA,Covington,Covington Facility,OP,34.0,BIT,9,1989
1108,PA,Schuylkill,Wheelabrator Frackville Energy,OP,48.0,WC,9,1988
1109,MN,Kandiyohi,Willmar,OP,18.0,SUB,11,1970
1110,MI,Marquette,Presque Isle,OP,90.0,BIT,12,1974
1111,MI,Marquette,Presque Isle,OP,90.0,BIT,4,1975
1112,MI,Marquette,Presque Isle,OP,90.0,SUB,6,1978
1113,MI,Marquette,Presque Isle,OP,90.0,SUB,11,1978
1114,MI,Marquette,Presque Isle,OP,90.0,SUB,8,1979
1115,WI,Milwaukee,South Oak Creek,OP,275.0,SUB,12,1959
1116,WI,Milwaukee,South Oak Creek,OP,275.0,SUB,12,1961
1117,WI,Milwaukee,South Oak Creek,OP,317.6,SUB,3,1965
1118,WI,Milwaukee,South Oak Creek,OP,324.0,SUB,10,1967
1119,WI,Milwaukee,Valley,OP,136.0,BIT,6,1968
1120,WI,Milwaukee,Valley,OP,136.0,BIT,3,1969
1121,WI,Kenosha,Pleasant Prairie,OP,616.5,SUB,6,1980
1122,WI,Kenosha,Pleasant Prairie,OP,616.5,SUB,7,1985
1123,WI,Milwaukee,Milwaukee County,OP,11.0,BIT,3,1996
1124,WI,Milwaukee,Elm Road Generating Station,OP,701.3,BIT,2,2010
1125,WI,Milwaukee,Elm Road Generating Station,OP,615.0,BIT,1,2011
1126,WI,Sheboygan,Edgewater,SB,60.0,SUB,7,1951
1127,WI,Sheboygan,Edgewater,OP,330.0,SUB,12,1969
1128,WI,Sheboygan,Edgewater,OP,380.0,SUB,3,1985
1129,WI,Grant,Nelson Dewey,OP,100.0,SUB,12,1959
1130,WI,Grant,Nelson Dewey,OP,100.0,SUB,12,1962
1131,WI,Columbia,Columbia,OP,512.0,SUB,5,1975
1132,WI,Columbia,Columbia,OP,511.0,SUB,5,1978
1133,WI,Brown,Pulliam,OP,50.0,SUB,9,1949
1134,WI,Brown,Pulliam,OP,69.0,SUB,11,1951
1135,WI,Brown,Pulliam,OP,81.6,SUB,11,1958
1136,WI,Brown,Pulliam,OP,149.6,SUB,12,1964
1137,WI,Marathon,Weston,OP,60.0,SUB,12,1954
1138,WI,Marathon,Weston,OP,81.6,SUB,9,1960
1139,WI,Marathon,Weston,OP,350.5,SUB,12,1981
1140,WI,Marathon,Weston,OP,595.0,SUB,7,2008
1141,PA,Schuylkill,WPS Westwood Generation LLC,OP,36.0,WC,6,1987
1142,MI,Wayne,Wyandotte,OP,11.5,BIT,1,1948
1143,MI,Wayne,Wyandotte,OP,22.0,BIT,1,1958
1144,MI,Wayne,Wyandotte,OP,7.5,BIT,1,1969
1145,MI,Wayne,Wyandotte,OP,32.0,BIT,7,1986
1146,IA,Black Hawk,University of Northern Iowa,OP,7.5,BIT,11,1982
1147,FL,Putnam,Seminole,OP,714.6,BIT,2,1984
1148,FL,Putnam,Seminole,OP,714.6,BIT,1,1985
1149,UT,Carbon,Sunnyside Cogen Associates,OP,58.1,WC,2,1993
1150,PA,Snyder,Sunbury Generation LP,OP,89.1,BIT,11,1949
1151,PA,Snyder,Sunbury Generation LP,OP,89.1,BIT,9,1949
1152,PA,Snyder,Sunbury Generation LP,OP,103.5,BIT,4,1951
1153,PA,Snyder,Sunbury Generation LP,OP,156.2,BIT,8,1953
1154,KY,Lawrence,Big Sandy,OP,280.5,BIT,1,1963
1155,KY,Lawrence,Big Sandy,OP,816.3,BIT,10,1969
1156,NY,Tompkins,AES Cayuga,OP,155.3,BIT,9,1955
1157,NY,Tompkins,AES Cayuga,OP,167.2,BIT,9,1955
1158,NY,Niagara,AES Somerset LLC,OP,655.1,BIT,8,1984
1159,NY,Broome,AES Westover,OS,75.0,BIT,11,1951
1160,AK,Fairbanks North Star,Eielson AFB Central Heat & Power Plant,OP,2.5,SUB,10,1952
1161,AK,Fairbanks North Star,Eielson AFB Central Heat & Power Plant,OP,2.5,SUB,10,1952
1162,AK,Fairbanks North Star,Eielson AFB Central Heat & Power Plant,OP,5.0,SUB,8,1955
1163,AK,Fairbanks North Star,Eielson AFB Central Heat & Power Plant,OP,5.0,SUB,6,1969
1164,AK,Fairbanks North Star,Eielson AFB Central Heat & Power Plant,OP,10.0,SUB,10,1987
1165,VA,Montgomery,Radford Army Ammunition Plant,OP,6.0,BIT,1,1990
1166,VA,Montgomery,Radford Army Ammunition Plant,OP,6.0,BIT,1,1990
1167,VA,Montgomery,Radford Army Ammunition Plant,OP,6.0,BIT,1,1990
1168,VA,Montgomery,Radford Army Ammunition Plant,OP,6.0,BIT,1,1990
1169,KS,Douglas,Lawrence Energy Center,OP,49.0,SUB,1,1955
1170,KS,Douglas,Lawrence Energy Center,OP,114.0,SUB,3,1960
1171,KS,Douglas,Lawrence Energy Center,OP,403.0,SUB,5,1971
1172,KS,Shawnee,Tecumseh Energy Center,OP,82.0,SUB,8,1957
1173,KS,Shawnee,Tecumseh Energy Center,OP,150.0,SUB,4,1962
1174,KS,Pottawatomie,Jeffrey Energy Center,OP,720.0,SUB,7,1978
1175,KS,Pottawatomie,Jeffrey Energy Center,OP,720.0,SUB,5,1980
1176,KS,Pottawatomie,Jeffrey Energy Center,OP,720.0,SUB,5,1983
1177,MD,WASHINGTON,FirstEnergy R Paul Smith Power Station,OP,75.0,BIT,11,1958
1178,MD,WASHINGTON,FirstEnergy R Paul Smith Power Station,OP,34.5,BIT,10,1947
1179,PA,Armstrong,FirstEnergy Armstrong Power Station,OP,163.2,BIT,4,1958
1180,PA,Armstrong,FirstEnergy Armstrong Power Station,OP,163.2,BIT,6,1959
1181,PA,Greene,Hatfields Ferry Power Station,OP,576.0,BIT,11,1969
1182,PA,Greene,Hatfields Ferry Power Station,OP,576.0,BIT,10,1970
1183,PA,Greene,Hatfields Ferry Power Station,OP,576.0,BIT,12,1971
1184,PA,Washington,FirstEnergy Mitchell Power Station,OP,299.2,BIT,8,1963
1185,WV,Harrison,FirstEnergy Harrison Power Station,OP,684.0,BIT,12,1972
1186,WV,Harrison,FirstEnergy Harrison Power Station,OP,684.0,BIT,12,1973
1187,WV,Harrison,FirstEnergy Harrison Power Station,OP,684.0,BIT,12,1974
1188,WV,Pleasants,FirstEnergy Pleasants Power Station,OP,684.0,BIT,4,1979
1189,WV,Pleasants,FirstEnergy Pleasants Power Station,OP,684.0,BIT,12,1980
1190,NC,Haywood,Canton North Carolina,OP,7.5,BIT,1,1937
1191,NC,Haywood,Canton North Carolina,OP,7.5,BIT,1,1941
1192,NC,Haywood,Canton North Carolina,OP,7.5,BIT,1,1946
1193,NC,Haywood,Canton North Carolina,OP,7.5,BIT,1,1949
1194,NC,Haywood,Canton North Carolina,OP,10.0,BIT,1,1952
1195,NC,Haywood,Canton North Carolina,OP,12.5,BIT,6,1979
1196,ID,Canyon,Amalgamated Sugar LLC Nampa,OP,2.2,SUB,10,1948
1197,ID,Canyon,Amalgamated Sugar LLC Nampa,SB,0.5,SUB,10,1950
1198,ID,Canyon,Amalgamated Sugar LLC Nampa,OP,6.0,SUB,10,1968
1199,AZ,Pima,H Wilson Sundt Generating Station,OP,173.3,SUB,7,1967
1200,AZ,Apache,Springerville,OP,424.8,SUB,6,1985
1201,AZ,Apache,Springerville,OP,424.8,SUB,6,1990
1202,AZ,Apache,Springerville,OP,450.0,SUB,7,2006
1203,AZ,Apache,Springerville,OP,450.0,SUB,12,2009
1204,MI,Menominee,Menominee Acquisition,OS,1.5,BIT,6,1962
1205,MI,Menominee,Menominee Acquisition,OP,2.5,BIT,6,1950
1206,GA,Chatham,Imperial Savannah LP,OP,2.7,BIT,3,1948
1207,GA,Chatham,Imperial Savannah LP,OP,3.0,BIT,2,1959
1208,GA,Chatham,Imperial Savannah LP,OP,1.0,BIT,8,1946
1209,GA,Chatham,Imperial Savannah LP,OP,5.0,BIT,3,1985
1210,GA,Chatham,International Paper Savanna Mill,OP,71.2,BIT,6,1981
1211,NM,McKinley,Escalante,OP,257.0,SUB,12,1984
1212,CO,Montrose,Nucla,OP,11.5,BIT,11,1959
1213,CO,Montrose,Nucla,OP,11.5,BIT,11,1959
1214,CO,Montrose,Nucla,OP,11.5,BIT,11,1959
1215,CO,Montrose,Nucla,OP,79.3,BIT,1,1991
1216,CO,Moffat,Craig,OP,446.4,SUB,7,1980
1217,CO,Moffat,Craig,OP,446.4,SUB,11,1979
1218,CO,Moffat,Craig,OP,534.8,SUB,10,1984
1219,MO,Boone,MU Combined Heat and Power Plant,OP,6.2,BIT,7,1961
1220,MO,Boone,MU Combined Heat and Power Plant,OP,12.5,BIT,7,1974
1221,MO,Boone,MU Combined Heat and Power Plant,OP,19.8,BIT,8,1986
1222,MO,Boone,MU Combined Heat and Power Plant,OP,14.5,BIT,7,1988
1223,AL,Mobile,Mobile Energy Services LLC,OP,61.0,BIT,8,1985
1224,AL,Mobile,Mobile Energy Services LLC,OS,35.7,BIT,7,1985
1225,TX,Harrison,Norit Americas Marshall Plant,OP,2.0,LIG,3,2011
1226,MA,HAMPDEN,Indian Orchard Plant 1,OP,5.7,BIT,5,1985
1227,UT,Uintah,Bonanza,OP,499.5,BIT,5,1986
1228,IL,Pike,Pearl Station,OP,22.0,BIT,1,1967
1229,NE,HALL,Platte,OP,109.8,SUB,12,1982
1230,IL,Peoria,E D Edwards,OP,136.0,SUB,5,1960
1231,IL,Peoria,E D Edwards,OP,280.5,SUB,6,1968
1232,IL,Peoria,E D Edwards,OP,363.8,SUB,6,1972
1233,IL,Fulton,Duck Creek,OP,441.0,SUB,6,1976
1234,WI,Oneida,Rhinelander Mill,OP,9.3,BIT,7,1958
1235,UT,Salt Lake,KUCC,OP,50.0,BIT,1,1943
1236,UT,Salt Lake,KUCC,OP,25.0,BIT,1,1943
1237,UT,Salt Lake,KUCC,OP,25.0,BIT,1,1946
1238,UT,Salt Lake,KUCC,OP,82.0,BIT,1,1958
1239,PA,Northumberland,Foster Wheeler Mt Carmel Cogen,OP,47.3,WC,1,1990
1240,NV,Eureka,TS Power Plant,OP,242.0,SUB,6,2008
1241,PA,Blair,American Eagle Paper Mills,SB,2.5,BIT,1,1929
1242,PA,Blair,American Eagle Paper Mills,SB,4.5,BIT,1,1930
1243,PA,Blair,American Eagle Paper Mills,SB,3.0,BIT,1,1936
1244,PA,Blair,American Eagle Paper Mills,OP,7.5,BIT,1,1958
1245,MI,Alpena,Decorative Panels Intl,OP,7.5,BIT,11,1957
1246,CA,San Bernardino,Argus Cogen Plant,SB,7.5,BIT,12,1947
1247,CA,San Bernardino,Argus Cogen Plant,OP,27.5,BIT,7,1978
1248,CA,San Bernardino,Argus Cogen Plant,OP,27.5,BIT,7,1978
1249,SC,Kershaw,Camden South Carolina,OP,5.5,BIT,1,1952
1250,SC,Kershaw,Camden South Carolina,OS,5.5,BIT,1,1952
1251,SC,Kershaw,Camden South Carolina,OP,19.0,BIT,7,1993
1252,MA,Bristol,Brayton Point,OP,241.0,BIT,8,1963
1253,MA,Bristol,Brayton Point,OP,241.0,BIT,7,1964
1254,MA,Bristol,Brayton Point,OP,642.6,BIT,8,1969
1255,MA,Essex,Salem Harbor,OP,81.9,BIT,1,1952
1256,MA,Essex,Salem Harbor,OP,82.0,BIT,9,1952
1257,MA,Essex,Salem Harbor,OP,165.7,BIT,8,1958
1258,MI,Alger,Neenah Paper Munising Mill,OP,6.2,BIT,1,1930
1259,WV,Marshall,PPG Natrium Plant,OP,7.5,BIT,1,1943
1260,WV,Marshall,PPG Natrium Plant,SB,7.5,BIT,1,1943
1261,WV,Marshall,PPG Natrium Plant,OP,26.0,BIT,1,1954
1262,WV,Marshall,PPG Natrium Plant,OP,82.0,BIT,1,1966
1263,MD,Allegany,Luke Mill,OP,35.0,BIT,1,1958
1264,MD,Allegany,Luke Mill,OP,30.0,BIT,1,1979
1265,WI,Outagamie,Kaukauna Paper Mill,OP,12.0,BIT,1,1967
1266,ME,Oxford,Rumford Cogeneration,OP,102.6,BIT,1,1990
1267,MN,Crow Wing,Wausau Paper Mills LLC,OP,0.6,BIT,1,1959
1268,OH,Ross,P H Glatfelter Co -Chillicothe Facility,OP,27.2,BIT,7,1978
1269,PA,Beaver,G F Weaton Power Station,OP,60.0,SUB,8,1958
1270,PA,Beaver,G F Weaton Power Station,OP,60.0,SUB,5,1958
1271,PA,Indiana,Seward,OP,585.0,WC,11,2004
1272,TX,Limestone,Limestone,OP,910.4,LIG,12,1985
1273,TX,Limestone,Limestone,OP,956.8,LIG,12,1986
1274,TX,Fort Bend,W A Parish,OP,734.1,SUB,12,1977
1275,TX,Fort Bend,W A Parish,OP,734.1,SUB,12,1978
1276,TX,Fort Bend,W A Parish,OP,614.6,SUB,6,1980
1277,TX,Fort Bend,W A Parish,OP,654.0,SUB,12,1982
1278,MA,Hampden,Mount Tom,OP,136.0,BIT,11,1960
1279,KY,Boone,East Bend,OP,669.3,BIT,3,1981
1280,NC,Edgecombe,Edgecombe Genco LLC,OP,57.4,BIT,10,1990
1281,NC,Edgecombe,Edgecombe Genco LLC,OP,57.4,BIT,10,1990
1282,VA,City of Richmond,Spruance Genco LLC,OP,57.4,BIT,5,1992
1283,VA,City of Richmond,Spruance Genco LLC,OP,57.4,BIT,5,1992
1284,VA,City of Richmond,Spruance Genco LLC,OP,57.4,BIT,8,1992
1285,VA,City of Richmond,Spruance Genco LLC,OP,57.4,BIT,8,1992
1286,NJ,Cape May,B L England,OP,136.0,BIT,10,1962
1287,NJ,Cape May,B L England,OP,163.2,BIT,11,1964
1288,NC,Halifax,KapStone Kraft Paper Corp,OP,22.5,BIT,1,1966
1289,WV,Fayette,Alloy Steam Station,OS,40.0,BIT,7,1950
1290,NC,Halifax,Roanoke Valley Energy Facililty I,OP,182.3,BIT,3,1994
1291,NC,Halifax,Roanoke Valley Energy Facility II,OP,57.8,BIT,2,1995
1292,MI,Delta,Escanaba Paper Company,OP,27.2,BIT,1,1969
1293,MI,Delta,Escanaba Paper Company,OP,54.0,BIT,1,1982
1294,WI,Brown,Green Bay West Mill,OP,28.2,BIT,7,2005
1295,WI,Brown,Green Bay West Mill,OP,10.0,BIT,1,1954
1296,WI,Brown,Green Bay West Mill,OP,18.7,BIT,1,1963
1297,WI,Brown,Green Bay West Mill,OP,28.9,BIT,1,1969
1298,WI,Brown,Green Bay West Mill,OP,43.2,BIT,12,1985
1299,WV,Monongalia,Longview Power LLC,OP,807.5,BIT,12,2011
1300,LA,Calcasieu,R S Nelson,OP,614.6,SUB,5,1982
1301,WI,Wood,Biron Mill,OP,17.0,SUB,9,1964
1302,WI,Wood,Biron Mill,OP,7.5,SUB,9,1947
1303,WI,Wood,Biron Mill,OP,15.6,BIT,10,1957
1304,WI,Wood,Biron Mill,OP,21.5,SUB,2,1987
1305,WI,Portage,Whiting Mill,OP,4.1,SUB,7,1951
1306,WI,Marinette,Niagara Mill,OS,2.5,BIT,1,1940
1307,WI,Marinette,Niagara Mill,OS,9.3,BIT,1,1964
1308,AZ,NAVAJO,Catalyst Paper Snowflake Mill,OP,27.2,SUB,6,1961
1309,AZ,NAVAJO,Catalyst Paper Snowflake Mill,OP,43.3,SUB,12,1974
1310,TX,Rusk,Martin Lake,OP,793.2,LIG,5,1977
1311,TX,Rusk,Martin Lake,OP,793.2,LIG,5,1978
1312,TX,Rusk,Martin Lake,OP,793.2,LIG,4,1979
1313,TX,Titus,Monticello,OP,593.4,LIG,12,1974
1314,TX,Titus,Monticello,OP,593.4,LIG,12,1975
1315,TX,Titus,Monticello,OP,793.2,LIG,6,1995
1316,VA,MONTGOMERY,Virginia Tech Power Plant,OP,6.3,BIT,3,1976
1317,AR,Mississippi,Plum Point Energy Station,OP,720.0,SUB,9,2010
1318,MN,Benton,International Paper Sartell Mill,OP,20.4,BIT,6,1982
1319,CO,Fremont,W N Clark,OP,18.7,BIT,9,1955
1320,CO,Fremont,W N Clark,OP,25.0,BIT,1,1959
1321,MI,Ingham,Eckert Station,OP,44.0,SUB,6,1954
1322,MI,Ingham,Eckert Station,OP,44.0,SUB,6,1958
1323,MI,Ingham,Eckert Station,OP,47.0,SUB,6,1960
1324,MI,Ingham,Eckert Station,OP,80.0,SUB,12,1964
1325,MI,Ingham,Eckert Station,OP,80.0,SUB,6,1968
1326,MI,Ingham,Eckert Station,OP,80.0,SUB,8,1970
1327,MI,Eaton,Erickson Station,OP,154.7,SUB,2,1973
1328,SC,Aiken,US DOE Savannah River Site (D Area),OP,9.4,BIT,1,1952
1329,SC,Aiken,US DOE Savannah River Site (D Area),OP,9.4,BIT,1,1952
1330,SC,Aiken,US DOE Savannah River Site (D Area),OP,9.4,BIT,1,1952
1331,SC,Aiken,US DOE Savannah River Site (D Area),OP,12.5,BIT,1,1952
1332,SC,Aiken,US DOE Savannah River Site (D Area),OP,12.5,BIT,1,1952
1333,SC,Aiken,US DOE Savannah River Site (D Area),OP,12.5,BIT,1,1952
1334,SC,Aiken,US DOE Savannah River Site (D Area),OP,12.5,BIT,1,1952
1335,OH,Butler,Smart Papers LLC,OP,1.0,BIT,6,2009
1336,OH,Butler,Smart Papers LLC,SB,1.5,BIT,6,2009
1337,OH,Butler,Smart Papers LLC,OP,9.4,BIT,6,2009
1338,OH,Butler,Smart Papers LLC,OP,9.4,BIT,6,2009
1339,OH,Butler,Smart Papers LLC,OP,6.0,BIT,1,1924
1340,OH,Butler,Smart Papers LLC,SB,7.5,BIT,1,1930
1341,OH,Butler,Smart Papers LLC,OP,10.5,BIT,1,1930
1342,MO,Jackson,Sibley,OP,55.0,SUB,6,1960
1343,MO,Jackson,Sibley,OP,50.0,SUB,5,1962
1344,MO,Jackson,Sibley,OP,419.0,SUB,6,1969
1345,MO,Buchanan,Lake Road,OP,90.0,SUB,8,1966
1346,VA,PORTSMOUTH CITY,Portsmouth Genco LLC,OP,57.4,BIT,6,1988
1347,VA,PORTSMOUTH CITY,Portsmouth Genco LLC,OP,57.4,BIT,6,1988
1348,AK,Fairbanks North Star,Utility Plants Section,OP,5.0,SUB,1,1955
1349,AK,Fairbanks North Star,Utility Plants Section,OS,2.5,SUB,1,1945
1350,AK,Fairbanks North Star,Utility Plants Section,OP,5.0,SUB,1,1955
1351,AK,Fairbanks North Star,Utility Plants Section,OP,5.0,SUB,1,1955
1352,AK,Fairbanks North Star,Utility Plants Section,OP,5.0,SUB,1,1989
1353,MI,Oakland,DTE Pontiac North LLC,OS,28.9,BIT,10,1987
1354,TX,Goliad,Coleto Creek,OP,622.4,SUB,6,1980
1355,TX,Robertson,Twin Oaks Power One,OP,174.6,LIG,9,1990
1356,TX,Robertson,Twin Oaks Power One,OP,174.6,LIG,10,1991
1357,CA,San Joaquin,Port of Stockton Energy Facility,OS,54.0,BIT,12,1987
1358,FL,Duval,Cedar Bay Generating Company LP,OP,291.6,BIT,1,1994
1359,TX,Freestone,Big Brown,OP,593.4,LIG,12,1971
1360,TX,Freestone,Big Brown,OP,593.4,LIG,12,1972
1361,TX,Robertson,Oak Grove,OP,916.8,LIG,4,2010
1362,TX,Robertson,Oak Grove,OP,878.6,LIG,4,2011
1363,TX,Milam,Sandow No 5,OP,661.5,LIG,1,2010
1364,VA,Giles,Celanese Acetate LLC,OP,6.0,BIT,1,1942
1365,VA,Giles,Celanese Acetate LLC,OP,6.0,BIT,1,1942
1366,VA,Giles,Celanese Acetate LLC,OP,6.0,BIT,1,1944
1367,VA,Giles,Celanese Acetate LLC,OP,9.2,BIT,1,1966
1368,CA,San Bernardino,Colton Plant,OS,15.0,BIT,4,1985
1369,CA,San Bernardino,Colton Plant,OS,15.0,BIT,4,1985
1370,OH,Hamilton,East Campus Utility Plant,OP,1.3,BIT,11,2010
1371,MT,Richland,Sidney MT Plant,OP,2.0,LIG,9,1950
1372,MT,Richland,Sidney MT Plant,OP,2.0,LIG,9,1950
1373,WY,Sweetwater,FMC Westvaco,OP,3.5,SUB,6,1953
1374,WY,Sweetwater,FMC Westvaco,OP,3.5,SUB,6,1953
1375,WY,Sweetwater,FMC Westvaco,OP,4.0,SUB,6,1964
1376,WY,Sweetwater,FMC Westvaco,OP,10.0,SUB,6,1972
1377,WY,Sweetwater,FMC Westvaco,OP,10.0,SUB,6,1975
1378,WY,Sweetwater,FMC Westvaco,OP,10.0,SUB,6,1975
1379,CA,Imperial,Spreckels Sugar Company,OP,8.9,BIT,4,1948
1380,WV,Kanawha,Bayer CropScience Institute Plant,OP,6.3,BIT,5,1958
1381,WV,Kanawha,Bayer CropScience Institute Plant,OP,6.3,BIT,4,1961
1382,SC,Darlington,Sonoco Products Co,OP,10.0,BIT,2,1947
1383,SC,Darlington,Sonoco Products Co,OP,28.0,BIT,6,1957
1384,IL,Morgan,Jacksonville Developmental Center,OP,0.7,BIT,6,1945
1385,IL,Morgan,Jacksonville Developmental Center,OP,0.7,BIT,6,1945
1386,IL,Morgan,Jacksonville Developmental Center,OP,2.0,BIT,6,1945
1387,OH,Greene,Heat Plant 770,OP,1.2,BIT,4,2003
1388,OH,Greene,Heat Plant 770,OP,0.8,BIT,4,2003
1389,IL,Jackson,SIUC,OP,3.5,WC,6,1998
1390,MO,St Charles,Wentzville Assembly & Contiguous,OP,3.0,BIT,6,1981
1391,NE,Scotts Bluff,Scottsbluff,OP,5.0,SUB,9,1987
1392,WY,Goshen,Torrington,OP,2.0,SUB,10,1978
1393,GA,Dougherty,Albany Brewery,SB,6.0,BIT,11,1979
1394,OH,Butler,Wausau Paper Middletown,OP,7.5,BIT,4,1986
1395,MD,Charles,Goddard Steam Plant,OP,6.2,SUB,7,1957
1396,MD,Charles,Goddard Steam Plant,OP,6.2,SUB,7,1957
1397,MI,Huron,MSC Sebewaing,OP,1.5,BIT,10,1990
1398,MI,Huron,MSC Sebewaing,OP,1.0,BIT,10,1979
1399,MI,Sanilac,MSC Croswell,OP,1.3,BIT,10,1948
