,Country or Area,Commodity - Transaction,Year,Unit,Quantity,Quantity Footnotes
0,Algeria,Uranium - reasonably assured reserves,2008.0,Metric Tons,19500.0,
1,Algeria,Uranium - reasonably assured reserves,2007.0,Metric Tons,19500.0,
2,Algeria,Uranium - reasonably assured reserves,2003.0,Metric Tons,19500.0,
3,Algeria,Uranium - reasonably assured reserves,1997.0,Metric Tons,25000.0,
4,Algeria,Uranium - reasonably assured reserves,1993.0,Metric Tons,26000.0,
5,Argentina,Uranium - production,2010.0,Metric Tons,0.0,
6,Argentina,Uranium - production,2009.0,Metric Tons,0.0,
7,Argentina,Uranium - production,2008.0,Metric Tons,0.0,
8,Argentina,Uranium - production,2007.0,Metric Tons,0.0,
9,Argentina,Uranium - production,2006.0,Metric Tons,0.0,
10,Argentina,Uranium - production,2005.0,Metric Tons,0.0,
11,Argentina,Uranium - production,2004.0,Metric Tons,1.0,
12,Argentina,Uranium - production,2003.0,Metric Tons,0.0,
13,Argentina,Uranium - production,2002.0,Metric Tons,0.0,
14,Argentina,Uranium - production,1998.0,Metric Tons,7.0,
15,Argentina,Uranium - production,1997.0,Metric Tons,30.0,
16,Argentina,Uranium - production,1996.0,Metric Tons,16.0,
17,Argentina,Uranium - production,1995.0,Metric Tons,65.0,
18,Argentina,Uranium - production,1994.0,Metric Tons,79.0,
19,Argentina,Uranium - production,1993.0,Metric Tons,126.0,
20,Argentina,Uranium - production,1992.0,Metric Tons,123.0,
21,Argentina,Uranium - production,1991.0,Metric Tons,18.0,
22,Argentina,Uranium - production,1990.0,Metric Tons,9.0,
23,Argentina,Uranium - reasonably assured reserves,2008.0,Metric Tons,10400.0,
24,Argentina,Uranium - reasonably assured reserves,2007.0,Metric Tons,9000.0,
25,Argentina,Uranium - reasonably assured reserves,2005.0,Metric Tons,7100.0,
26,Argentina,Uranium - reasonably assured reserves,2003.0,Metric Tons,7080.0,
27,Argentina,Uranium - reasonably assured reserves,1997.0,Metric Tons,8800.0,
28,Argentina,Uranium - reasonably assured reserves,1993.0,Metric Tons,7300.0,
29,Argentina,Uranium - reasonably assured reserves,1990.0,Metric Tons,2190.0,
30,Argentina,Uranium - estimated additional reserves,2008.0,Metric Tons,8700.0,
31,Argentina,Uranium - estimated additional reserves,2005.0,Metric Tons,8600.0,
32,Argentina,Uranium - estimated additional reserves,2003.0,Metric Tons,8560.0,
33,Argentina,Uranium - estimated additional reserves,1997.0,Metric Tons,3100.0,
34,Argentina,Uranium - estimated additional reserves,1993.0,Metric Tons,2600.0,
35,Argentina,Uranium - estimated additional reserves,1990.0,Metric Tons,2490.0,
36,Australia,Uranium - production,2010.0,Metric Tons,5918.0,
37,Australia,Uranium - production,2009.0,Metric Tons,7934.0,
38,Australia,Uranium - production,2008.0,Metric Tons,8433.0,
39,Australia,Uranium - production,2007.0,Metric Tons,8602.0,
40,Australia,Uranium - production,2006.0,Metric Tons,7593.0,
41,Australia,Uranium - production,2005.0,Metric Tons,9512.0,
42,Australia,Uranium - production,2004.0,Metric Tons,8982.0,
43,Australia,Uranium - production,2003.0,Metric Tons,7573.0,
44,Australia,Uranium - production,2002.0,Metric Tons,6854.0,
45,Australia,Uranium - production,2001.0,Metric Tons,7720.0,
46,Australia,Uranium - production,2000.0,Metric Tons,7579.0,
47,Australia,Uranium - production,1999.0,Metric Tons,5984.0,
48,Australia,Uranium - production,1998.0,Metric Tons,4894.0,
49,Australia,Uranium - production,1997.0,Metric Tons,5488.0,
50,Australia,Uranium - production,1996.0,Metric Tons,4975.0,
51,Australia,Uranium - production,1995.0,Metric Tons,3712.0,
52,Australia,Uranium - production,1994.0,Metric Tons,2208.0,
53,Australia,Uranium - production,1993.0,Metric Tons,2256.0,
54,Australia,Uranium - production,1992.0,Metric Tons,2334.0,
55,Australia,Uranium - production,1991.0,Metric Tons,3776.0,
56,Australia,Uranium - production,1990.0,Metric Tons,3530.0,
57,Australia,Uranium - reasonably assured reserves,2008.0,Metric Tons,1179000.0,
58,Australia,Uranium - reasonably assured reserves,2007.0,Metric Tons,725000.0,
59,Australia,Uranium - reasonably assured reserves,2005.0,Metric Tons,747000.0,
60,Australia,Uranium - reasonably assured reserves,2003.0,Metric Tons,735000.0,
61,Australia,Uranium - reasonably assured reserves,1997.0,Metric Tons,715000.0,
62,Australia,Uranium - reasonably assured reserves,1993.0,Metric Tons,517000.0,
63,Australia,Uranium - reasonably assured reserves,1990.0,Metric Tons,60000.0,
64,Australia,Uranium - estimated additional reserves,2008.0,Metric Tons,500000.0,
65,Australia,Uranium - estimated additional reserves,2005.0,Metric Tons,396000.0,
66,Australia,Uranium - estimated additional reserves,2003.0,Metric Tons,323000.0,
67,Australia,Uranium - estimated additional reserves,1997.0,Metric Tons,180000.0,
68,Australia,Uranium - estimated additional reserves,1993.0,Metric Tons,394000.0,
69,Australia,Uranium - estimated additional reserves,1990.0,Metric Tons,390000.0,
70,Austria,Uranium - reasonably assured reserves,1990.0,Metric Tons,0.0,
71,Austria,Uranium - estimated additional reserves,1990.0,Metric Tons,1700.0,
72,Belgium,Uranium - production,1999.0,Metric Tons,0.0,
73,Belgium,Uranium - production,1998.0,Metric Tons,15.0,
74,Belgium,Uranium - production,1997.0,Metric Tons,27.0,
75,Belgium,Uranium - production,1996.0,Metric Tons,28.0,
76,Belgium,Uranium - production,1995.0,Metric Tons,25.0,
77,Belgium,Uranium - production,1994.0,Metric Tons,40.0,
78,Belgium,Uranium - production,1993.0,Metric Tons,34.0,
79,Belgium,Uranium - production,1992.0,Metric Tons,36.0,
80,Belgium,Uranium - production,1991.0,Metric Tons,38.0,
81,Belgium,Uranium - production,1990.0,Metric Tons,39.0,
82,Brazil,Uranium - production,2010.0,Metric Tons,174.0,
83,Brazil,Uranium - production,2009.0,Metric Tons,338.0,
84,Brazil,Uranium - production,2008.0,Metric Tons,390.0,
85,Brazil,Uranium - production,2007.0,Metric Tons,357.0,
86,Brazil,Uranium - production,2006.0,Metric Tons,231.0,
87,Brazil,Uranium - production,2005.0,Metric Tons,129.0,
88,Brazil,Uranium - production,2004.0,Metric Tons,352.0,
89,Brazil,Uranium - production,2003.0,Metric Tons,271.0,
90,Brazil,Uranium - production,2002.0,Metric Tons,339.0,
91,Brazil,Uranium - production,2001.0,Metric Tons,66.0,
92,Brazil,Uranium - production,2000.0,Metric Tons,11.0,
93,Brazil,Uranium - production,1999.0,Metric Tons,0.0,
94,Brazil,Uranium - production,1998.0,Metric Tons,0.0,
95,Brazil,Uranium - production,1997.0,Metric Tons,0.0,
96,Brazil,Uranium - production,1996.0,Metric Tons,0.0,
97,Brazil,Uranium - production,1995.0,Metric Tons,106.0,
98,Brazil,Uranium - production,1994.0,Metric Tons,106.0,
99,Brazil,Uranium - production,1993.0,Metric Tons,24.0,
100,Brazil,Uranium - production,1992.0,Metric Tons,0.0,
101,Brazil,Uranium - production,1991.0,Metric Tons,0.0,
102,Brazil,Uranium - production,1990.0,Metric Tons,5.0,
103,Brazil,Uranium - reasonably assured reserves,2008.0,Metric Tons,157700.0,
104,Brazil,Uranium - reasonably assured reserves,2007.0,Metric Tons,157400.0,
105,Brazil,Uranium - reasonably assured reserves,2005.0,Metric Tons,157700.0,
106,Brazil,Uranium - reasonably assured reserves,2003.0,Metric Tons,86190.0,
107,Brazil,Uranium - reasonably assured reserves,1997.0,Metric Tons,162000.0,
108,Brazil,Uranium - reasonably assured reserves,1993.0,Metric Tons,162000.0,
109,Brazil,Uranium - estimated additional reserves,2008.0,Metric Tons,121000.0,
110,Brazil,Uranium - estimated additional reserves,2005.0,Metric Tons,121000.0,
111,Brazil,Uranium - estimated additional reserves,2003.0,Metric Tons,57140.0,
112,Brazil,Uranium - estimated additional reserves,1997.0,Metric Tons,100200.0,
113,Brazil,Uranium - estimated additional reserves,1993.0,Metric Tons,94000.0,
114,Brazil,Uranium - estimated additional reserves,1990.0,Metric Tons,94000.0,
115,Bulgaria,Uranium - production,1998.0,Metric Tons,0.0,
116,Bulgaria,Uranium - production,1997.0,Metric Tons,0.0,
117,Bulgaria,Uranium - production,1996.0,Metric Tons,0.0,
118,Bulgaria,Uranium - production,1995.0,Metric Tons,0.0,
119,Bulgaria,Uranium - production,1994.0,Metric Tons,70.0,
120,Bulgaria,Uranium - production,1993.0,Metric Tons,100.0,
121,Bulgaria,Uranium - production,1992.0,Metric Tons,150.0,
122,Bulgaria,Uranium - production,1991.0,Metric Tons,240.0,
123,Bulgaria,Uranium - production,1990.0,Metric Tons,405.0,
124,Bulgaria,Uranium - reasonably assured reserves,2005.0,Metric Tons,5900.0,
125,Bulgaria,Uranium - reasonably assured reserves,2003.0,Metric Tons,5870.0,
126,Bulgaria,Uranium - reasonably assured reserves,1997.0,Metric Tons,7800.0,
127,Bulgaria,Uranium - estimated additional reserves,2005.0,Metric Tons,6300.0,
128,Bulgaria,Uranium - estimated additional reserves,1998.0,Metric Tons,6300.0,
129,Bulgaria,Uranium - estimated additional reserves,1997.0,Metric Tons,8400.0,
130,Canada,Uranium - production,2010.0,Metric Tons,9775.0,
131,Canada,Uranium - production,2009.0,Metric Tons,9900.0,
132,Canada,Uranium - production,2008.0,Metric Tons,9000.0,
133,Canada,Uranium - production,2007.0,Metric Tons,9476.0,
134,Canada,Uranium - production,2006.0,Metric Tons,9862.0,
135,Canada,Uranium - production,2005.0,Metric Tons,11628.0,
136,Canada,Uranium - production,2004.0,Metric Tons,11597.0,
137,Canada,Uranium - production,2003.0,Metric Tons,10455.0,
138,Canada,Uranium - production,2002.0,Metric Tons,11607.0,
139,Canada,Uranium - production,2001.0,Metric Tons,12522.0,
140,Canada,Uranium - production,2000.0,Metric Tons,10683.0,
141,Canada,Uranium - production,1999.0,Metric Tons,8214.0,
142,Canada,Uranium - production,1998.0,Metric Tons,10922.0,
143,Canada,Uranium - production,1997.0,Metric Tons,12031.0,
144,Canada,Uranium - production,1996.0,Metric Tons,11706.0,
145,Canada,Uranium - production,1995.0,Metric Tons,10473.0,
146,Canada,Uranium - production,1994.0,Metric Tons,9647.0,
147,Canada,Uranium - production,1993.0,Metric Tons,9155.0,
148,Canada,Uranium - production,1992.0,Metric Tons,9297.0,
149,Canada,Uranium - production,1991.0,Metric Tons,8160.0,
150,Canada,Uranium - production,1990.0,Metric Tons,8729.0,
151,Canada,Uranium - reasonably assured reserves,2008.0,Metric Tons,387400.0,
152,Canada,Uranium - reasonably assured reserves,2007.0,Metric Tons,329200.0,
153,Canada,Uranium - reasonably assured reserves,2005.0,Metric Tons,345200.0,
154,Canada,Uranium - reasonably assured reserves,2003.0,Metric Tons,333834.0,
155,Canada,Uranium - reasonably assured reserves,1997.0,Metric Tons,331000.0,
156,Canada,Uranium - reasonably assured reserves,1995.0,Metric Tons,369000.0,
157,Canada,Uranium - reasonably assured reserves,1994.0,Metric Tons,389000.0,
158,Canada,Uranium - reasonably assured reserves,1993.0,Metric Tons,397000.0,
159,Canada,Uranium - reasonably assured reserves,1992.0,Metric Tons,397000.0,
160,Canada,Uranium - reasonably assured reserves,1990.0,Metric Tons,368000.0,
161,Canada,Uranium - estimated additional reserves,2008.0,Metric Tons,157200.0,
162,Canada,Uranium - estimated additional reserves,2005.0,Metric Tons,98600.0,
163,Canada,Uranium - estimated additional reserves,1998.0,Metric Tons,104710.0,
164,Canada,Uranium - estimated additional reserves,1997.0,Metric Tons,99000.0,
165,Canada,Uranium - estimated additional reserves,1993.0,Metric Tons,78000.0,
166,Canada,Uranium - estimated additional reserves,1990.0,Metric Tons,229000.0,
167,Central African Rep.,Uranium - reasonably assured reserves,2008.0,Metric Tons,12000.0,
168,Central African Rep.,Uranium - reasonably assured reserves,2007.0,Metric Tons,12000.0,
169,Central African Rep.,Uranium - reasonably assured reserves,2006.0,Metric Tons,12000.0,
170,Central African Rep.,Uranium - reasonably assured reserves,2005.0,Metric Tons,12000.0,
171,Central African Rep.,Uranium - reasonably assured reserves,2003.0,Metric Tons,12000.0,
172,Central African Rep.,Uranium - reasonably assured reserves,2002.0,Metric Tons,16000.0,
173,Central African Rep.,Uranium - reasonably assured reserves,2001.0,Metric Tons,16000.0,
174,Central African Rep.,Uranium - reasonably assured reserves,2000.0,Metric Tons,16000.0,
175,Central African Rep.,Uranium - reasonably assured reserves,1999.0,Metric Tons,16000.0,
176,Central African Rep.,Uranium - reasonably assured reserves,1998.0,Metric Tons,16000.0,
177,Central African Rep.,Uranium - reasonably assured reserves,1997.0,Metric Tons,16000.0,
178,Central African Rep.,Uranium - reasonably assured reserves,1996.0,Metric Tons,16000.0,
179,Central African Rep.,Uranium - reasonably assured reserves,1995.0,Metric Tons,16000.0,
180,Central African Rep.,Uranium - reasonably assured reserves,1993.0,Metric Tons,16000.0,
181,Central African Rep.,Uranium - reasonably assured reserves,1990.0,Metric Tons,8000.0,
182,Chile,Uranium - reasonably assured reserves,2008.0,Metric Tons,800.0,
183,Chile,Uranium - reasonably assured reserves,2007.0,Metric Tons,800.0,
184,Chile,Uranium - reasonably assured reserves,2005.0,Metric Tons,600.0,
185,Chile,Uranium - reasonably assured reserves,2003.0,Metric Tons,560.0,
186,Chile,Uranium - reasonably assured reserves,1997.0,Metric Tons,300.0,
187,Chile,Uranium - estimated additional reserves,2008.0,Metric Tons,700.0,
188,Chile,Uranium - estimated additional reserves,2005.0,Metric Tons,900.0,
189,Chile,Uranium - estimated additional reserves,2003.0,Metric Tons,885.0,
190,China,Uranium - production,2010.0,Metric Tons,1350.0,
191,China,Uranium - production,2009.0,Metric Tons,1200.0,
192,China,Uranium - production,2008.0,Metric Tons,770.0,
193,China,Uranium - production,2007.0,Metric Tons,710.0,
194,China,Uranium - production,2006.0,Metric Tons,750.0,
195,China,Uranium - production,2005.0,Metric Tons,750.0,
196,China,Uranium - production,2004.0,Metric Tons,730.0,1.0
197,China,Uranium - production,2003.0,Metric Tons,730.0,1.0
198,China,Uranium - production,2002.0,Metric Tons,730.0,1.0
199,China,Uranium - production,2001.0,Metric Tons,700.0,1.0
200,China,Uranium - production,2000.0,Metric Tons,700.0,1.0
201,China,Uranium - production,1999.0,Metric Tons,700.0,
202,China,Uranium - production,1998.0,Metric Tons,590.0,
203,China,Uranium - production,1997.0,Metric Tons,570.0,
204,China,Uranium - production,1996.0,Metric Tons,560.0,
205,China,Uranium - production,1995.0,Metric Tons,500.0,
206,China,Uranium - production,1994.0,Metric Tons,480.0,
207,China,Uranium - production,1993.0,Metric Tons,780.0,
208,China,Uranium - production,1992.0,Metric Tons,955.0,
209,China,Uranium - production,1991.0,Metric Tons,800.0,
210,China,Uranium - production,1990.0,Metric Tons,800.0,
211,China,Uranium - reasonably assured reserves,2008.0,Metric Tons,115900.0,
212,China,Uranium - reasonably assured reserves,2007.0,Metric Tons,48800.0,
213,China,Uranium - reasonably assured reserves,2005.0,Metric Tons,38000.0,
214,China,Uranium - reasonably assured reserves,2003.0,Metric Tons,35060.0,
215,China,Uranium - reasonably assured reserves,1997.0,Metric Tons,72100.0,
216,China,Uranium - reasonably assured reserves,1993.0,Metric Tons,72100.0,
217,China,Uranium - estimated additional reserves,2008.0,Metric Tons,55500.0,
218,China,Uranium - estimated additional reserves,2005.0,Metric Tons,21700.0,
219,China,Uranium - estimated additional reserves,2003.0,Metric Tons,14690.0,
220,Czech Republic,Uranium - production,2010.0,Metric Tons,254.0,
221,Czech Republic,Uranium - production,2009.0,Metric Tons,258.0,
222,Czech Republic,Uranium - production,2008.0,Metric Tons,275.0,
223,Czech Republic,Uranium - production,2007.0,Metric Tons,307.0,
224,Czech Republic,Uranium - production,2006.0,Metric Tons,375.0,
225,Czech Republic,Uranium - production,2005.0,Metric Tons,409.0,
226,Czech Republic,Uranium - production,2004.0,Metric Tons,412.0,
227,Czech Republic,Uranium - production,2003.0,Metric Tons,452.0,
228,Czech Republic,Uranium - production,2002.0,Metric Tons,465.0,
229,Czech Republic,Uranium - production,2001.0,Metric Tons,456.0,
230,Czech Republic,Uranium - production,2000.0,Metric Tons,507.0,
231,Czech Republic,Uranium - production,1999.0,Metric Tons,612.0,
232,Czech Republic,Uranium - production,1998.0,Metric Tons,610.0,
233,Czech Republic,Uranium - production,1997.0,Metric Tons,603.0,
234,Czech Republic,Uranium - production,1996.0,Metric Tons,604.0,
235,Czech Republic,Uranium - production,1995.0,Metric Tons,600.0,
236,Czech Republic,Uranium - production,1994.0,Metric Tons,541.0,
237,Czech Republic,Uranium - production,1993.0,Metric Tons,950.0,
238,Czech Republic,Uranium - reasonably assured reserves,2008.0,Metric Tons,400.0,
239,Czech Republic,Uranium - reasonably assured reserves,2007.0,Metric Tons,600.0,
240,Czech Republic,Uranium - reasonably assured reserves,2005.0,Metric Tons,500.0,
241,Czech Republic,Uranium - reasonably assured reserves,2003.0,Metric Tons,830.0,
242,Czech Republic,Uranium - reasonably assured reserves,1997.0,Metric Tons,30200.0,
243,Czech Republic,Uranium - reasonably assured reserves,1993.0,Metric Tons,22.0,
244,Czech Republic,Uranium - estimated additional reserves,2008.0,Metric Tons,100.0,
245,Czech Republic,Uranium - estimated additional reserves,2005.0,Metric Tons,100.0,
246,Czech Republic,Uranium - estimated additional reserves,2003.0,Metric Tons,90.0,
247,Czech Republic,Uranium - estimated additional reserves,1997.0,Metric Tons,19000.0,
248,Czech Republic,Uranium - estimated additional reserves,1993.0,Metric Tons,21350.0,
249,Dem. Rep. of the Congo,Uranium - production,1999.0,Metric Tons,0.0,
250,Dem. Rep. of the Congo,Uranium - production,1998.0,Metric Tons,0.0,
251,Dem. Rep. of the Congo,Uranium - production,1997.0,Metric Tons,0.0,
252,Dem. Rep. of the Congo,Uranium - production,1996.0,Metric Tons,0.0,
253,Dem. Rep. of the Congo,Uranium - production,1995.0,Metric Tons,0.0,
254,Dem. Rep. of the Congo,Uranium - production,1994.0,Metric Tons,0.0,
255,Dem. Rep. of the Congo,Uranium - production,1993.0,Metric Tons,0.0,
256,Dem. Rep. of the Congo,Uranium - production,1992.0,Metric Tons,0.0,
257,Dem. Rep. of the Congo,Uranium - production,1991.0,Metric Tons,0.0,
258,Dem. Rep. of the Congo,Uranium - production,1990.0,Metric Tons,0.0,
259,Dem. Rep. of the Congo,Uranium - reasonably assured reserves,2008.0,Metric Tons,1400.0,
260,Dem. Rep. of the Congo,Uranium - reasonably assured reserves,2007.0,Metric Tons,1400.0,
261,Dem. Rep. of the Congo,Uranium - reasonably assured reserves,2005.0,Metric Tons,1400.0,
262,Dem. Rep. of the Congo,Uranium - reasonably assured reserves,2003.0,Metric Tons,1350.0,
263,Dem. Rep. of the Congo,Uranium - reasonably assured reserves,1998.0,Metric Tons,1800.0,
264,Dem. Rep. of the Congo,Uranium - reasonably assured reserves,1997.0,Metric Tons,1800.0,
265,Dem. Rep. of the Congo,Uranium - reasonably assured reserves,1995.0,Metric Tons,1800.0,
266,Dem. Rep. of the Congo,Uranium - reasonably assured reserves,1993.0,Metric Tons,1800.0,
267,Dem. Rep. of the Congo,Uranium - estimated additional reserves,2008.0,Metric Tons,1300.0,
268,Dem. Rep. of the Congo,Uranium - estimated additional reserves,2005.0,Metric Tons,1300.0,
269,Dem. Rep. of the Congo,Uranium - estimated additional reserves,2003.0,Metric Tons,1275.0,
270,Dem. Rep. of the Congo,Uranium - estimated additional reserves,1998.0,Metric Tons,1700.0,
271,Dem. Rep. of the Congo,Uranium - estimated additional reserves,1997.0,Metric Tons,1700.0,
272,Dem. Rep. of the Congo,Uranium - estimated additional reserves,1995.0,Metric Tons,1700.0,
273,Dem. Rep. of the Congo,Uranium - estimated additional reserves,1993.0,Metric Tons,1700.0,
274,Dem. Rep. of the Congo,Uranium - estimated additional reserves,1990.0,Metric Tons,1700.0,
275,Denmark,Uranium - reasonably assured reserves,2003.0,Metric Tons,20250.0,
276,Denmark,Uranium - reasonably assured reserves,1990.0,Metric Tons,27000.0,
277,Denmark,Uranium - estimated additional reserves,2003.0,Metric Tons,12000.0,
278,Denmark,Uranium - estimated additional reserves,1990.0,Metric Tons,16000.0,
279,Egypt,Uranium - estimated additional reserves,2008.0,Metric Tons,1900.0,
280,Finland,Uranium - production,1990.0,Metric Tons,0.0,
281,Finland,Uranium - reasonably assured reserves,2008.0,Metric Tons,1100.0,
282,Finland,Uranium - reasonably assured reserves,2007.0,Metric Tons,1100.0,
283,Finland,Uranium - reasonably assured reserves,2005.0,Metric Tons,1100.0,
284,Finland,Uranium - reasonably assured reserves,2003.0,Metric Tons,1125.0,
285,Finland,Uranium - reasonably assured reserves,1997.0,Metric Tons,1500.0,
286,Finland,Uranium - reasonably assured reserves,1993.0,Metric Tons,1500.0,
287,Finland,Uranium - reasonably assured reserves,1990.0,Metric Tons,1500.0,
288,France,Uranium - production,2010.0,Metric Tons,9.0,
289,France,Uranium - production,2009.0,Metric Tons,8.0,
290,France,Uranium - production,2008.0,Metric Tons,5.0,
291,France,Uranium - production,2007.0,Metric Tons,2.0,
292,France,Uranium - production,2006.0,Metric Tons,3.0,
293,France,Uranium - production,2005.0,Metric Tons,4.0,
294,France,Uranium - production,2004.0,Metric Tons,6.0,
295,France,Uranium - production,2003.0,Metric Tons,9.0,
296,France,Uranium - production,2002.0,Metric Tons,18.0,
297,France,Uranium - production,2001.0,Metric Tons,184.0,
298,France,Uranium - production,2000.0,Metric Tons,296.0,
299,France,Uranium - production,1999.0,Metric Tons,416.0,
300,France,Uranium - production,1998.0,Metric Tons,452.0,
301,France,Uranium - production,1997.0,Metric Tons,572.0,
302,France,Uranium - production,1996.0,Metric Tons,930.0,
303,France,Uranium - production,1995.0,Metric Tons,1016.0,
304,France,Uranium - production,1994.0,Metric Tons,1053.0,
305,France,Uranium - production,1993.0,Metric Tons,1730.0,
306,France,Uranium - production,1992.0,Metric Tons,2149.0,
307,France,Uranium - production,1991.0,Metric Tons,2477.0,
308,France,Uranium - production,1990.0,Metric Tons,2841.0,
309,France,Uranium - reasonably assured reserves,2008.0,Metric Tons,9000.0,
310,France,Uranium - reasonably assured reserves,1990.0,Metric Tons,15700.0,
311,France,Uranium - estimated additional reserves,2008.0,Metric Tons,100.0,
312,France,Uranium - estimated additional reserves,2005.0,Metric Tons,11700.0,
313,France,Uranium - estimated additional reserves,2003.0,Metric Tons,9510.0,
314,France,Uranium - estimated additional reserves,1997.0,Metric Tons,1400.0,
315,France,Uranium - estimated additional reserves,1993.0,Metric Tons,2130.0,
316,France,Uranium - estimated additional reserves,1990.0,Metric Tons,8100.0,
317,Gabon,Uranium - production,1999.0,Metric Tons,730.0,
318,Gabon,Uranium - production,1998.0,Metric Tons,725.0,
319,Gabon,Uranium - production,1997.0,Metric Tons,517.0,
320,Gabon,Uranium - production,1996.0,Metric Tons,601.0,
321,Gabon,Uranium - production,1995.0,Metric Tons,652.0,
322,Gabon,Uranium - production,1994.0,Metric Tons,650.0,
323,Gabon,Uranium - production,1993.0,Metric Tons,556.0,
324,Gabon,Uranium - production,1992.0,Metric Tons,589.0,
325,Gabon,Uranium - production,1991.0,Metric Tons,678.0,
326,Gabon,Uranium - production,1990.0,Metric Tons,709.0,
327,Gabon,Uranium - reasonably assured reserves,2008.0,Metric Tons,4800.0,
328,Gabon,Uranium - reasonably assured reserves,2007.0,Metric Tons,4800.0,
329,Gabon,Uranium - reasonably assured reserves,2005.0,Metric Tons,4830.0,
330,Gabon,Uranium - reasonably assured reserves,2003.0,Metric Tons,4830.0,
331,Gabon,Uranium - reasonably assured reserves,2002.0,Metric Tons,14430.0,
332,Gabon,Uranium - reasonably assured reserves,2001.0,Metric Tons,14430.0,
333,Gabon,Uranium - reasonably assured reserves,2000.0,Metric Tons,14430.0,
334,Gabon,Uranium - reasonably assured reserves,1999.0,Metric Tons,14430.0,
335,Gabon,Uranium - reasonably assured reserves,1997.0,Metric Tons,14430.0,
336,Gabon,Uranium - reasonably assured reserves,1995.0,Metric Tons,14430.0,
337,Gabon,Uranium - reasonably assured reserves,1993.0,Metric Tons,14430.0,
338,Gabon,Uranium - reasonably assured reserves,1990.0,Metric Tons,4650.0,
339,Gabon,Uranium - estimated additional reserves,2008.0,Metric Tons,1000.0,
340,Gabon,Uranium - estimated additional reserves,2005.0,Metric Tons,1000.0,
341,Gabon,Uranium - estimated additional reserves,2003.0,Metric Tons,1000.0,
342,Gabon,Uranium - estimated additional reserves,2002.0,Metric Tons,9600.0,
343,Gabon,Uranium - estimated additional reserves,2001.0,Metric Tons,9600.0,
344,Gabon,Uranium - estimated additional reserves,2000.0,Metric Tons,9600.0,
345,Gabon,Uranium - estimated additional reserves,1999.0,Metric Tons,9600.0,
346,Gabon,Uranium - estimated additional reserves,1997.0,Metric Tons,9600.0,
347,Gabon,Uranium - estimated additional reserves,1995.0,Metric Tons,9600.0,
348,Gabon,Uranium - estimated additional reserves,1993.0,Metric Tons,9600.0,
349,Gabon,Uranium - estimated additional reserves,1990.0,Metric Tons,9600.0,
350,Germany,Uranium - production,2010.0,Metric Tons,8.0,
351,Germany,Uranium - production,2009.0,Metric Tons,0.0,
352,Germany,Uranium - production,2008.0,Metric Tons,0.0,
353,Germany,Uranium - production,2007.0,Metric Tons,41.0,
354,Germany,Uranium - production,2006.0,Metric Tons,65.0,
355,Germany,Uranium - production,2005.0,Metric Tons,94.0,
356,Germany,Uranium - production,2004.0,Metric Tons,77.0,
357,Germany,Uranium - production,2003.0,Metric Tons,150.0,
358,Germany,Uranium - production,2002.0,Metric Tons,221.0,
359,Germany,Uranium - production,2001.0,Metric Tons,27.0,
360,Germany,Uranium - production,2000.0,Metric Tons,28.0,
361,Germany,Uranium - production,1999.0,Metric Tons,29.0,
362,Germany,Uranium - production,1998.0,Metric Tons,30.0,
363,Germany,Uranium - production,1997.0,Metric Tons,28.0,
364,Germany,Uranium - production,1996.0,Metric Tons,39.0,
365,Germany,Uranium - production,1995.0,Metric Tons,35.0,
366,Germany,Uranium - production,1994.0,Metric Tons,47.0,
367,Germany,Uranium - production,1993.0,Metric Tons,116.0,
368,Germany,Uranium - production,1992.0,Metric Tons,232.0,
369,Germany,Uranium - production,1991.0,Metric Tons,1207.0,
370,Germany,Uranium - reasonably assured reserves,2008.0,Metric Tons,3000.0,
371,Germany,Uranium - reasonably assured reserves,2007.0,Metric Tons,3000.0,
372,Germany,Uranium - reasonably assured reserves,2005.0,Metric Tons,3000.0,
373,Germany,Uranium - reasonably assured reserves,2003.0,Metric Tons,3000.0,
374,Germany,Uranium - reasonably assured reserves,1997.0,Metric Tons,3000.0,
375,Germany,Uranium - reasonably assured reserves,1993.0,Metric Tons,3000.0,
376,Germany,Uranium - estimated additional reserves,2008.0,Metric Tons,4000.0,
377,Germany,Uranium - estimated additional reserves,2005.0,Metric Tons,4000.0,
378,Germany,Uranium - estimated additional reserves,2003.0,Metric Tons,4000.0,
379,Germany,Uranium - estimated additional reserves,1997.0,Metric Tons,4000.0,
380,Germany,Uranium - estimated additional reserves,1993.0,Metric Tons,4000.0,
381,Germany(Fed.Rep.),Uranium - production,1990.0,Metric Tons,2972.0,
382,Germany(Fed.Rep.),Uranium - reasonably assured reserves,1990.0,Metric Tons,4000.0,
383,Germany(Fed.Rep.),Uranium - estimated additional reserves,1990.0,Metric Tons,7300.0,
384,Greece,Uranium - reasonably assured reserves,2008.0,Metric Tons,1000.0,
385,Greece,Uranium - reasonably assured reserves,2007.0,Metric Tons,1000.0,
386,Greece,Uranium - reasonably assured reserves,2005.0,Metric Tons,1000.0,
387,Greece,Uranium - reasonably assured reserves,2003.0,Metric Tons,1000.0,
388,Greece,Uranium - reasonably assured reserves,1997.0,Metric Tons,1000.0,
389,Greece,Uranium - reasonably assured reserves,1993.0,Metric Tons,300.0,
390,Greece,Uranium - estimated additional reserves,2008.0,Metric Tons,6000.0,
391,Greece,Uranium - estimated additional reserves,2005.0,Metric Tons,6000.0,
392,Greece,Uranium - estimated additional reserves,2003.0,Metric Tons,6000.0,
393,Greece,Uranium - estimated additional reserves,2000.0,Metric Tons,6000.0,
394,Greece,Uranium - estimated additional reserves,1997.0,Metric Tons,6000.0,
395,Greece,Uranium - estimated additional reserves,1993.0,Metric Tons,6000.0,
396,Greece,Uranium - estimated additional reserves,1990.0,Metric Tons,6000.0,
397,Greenland,Uranium - reasonably assured reserves,2007.0,Metric Tons,20300.0,
398,Greenland,Uranium - reasonably assured reserves,2005.0,Metric Tons,20300.0,
399,Greenland,Uranium - estimated additional reserves,2008.0,Metric Tons,85600.0,
400,Greenland,Uranium - estimated additional reserves,2005.0,Metric Tons,12000.0,
401,Hungary,Uranium - production,2010.0,Metric Tons,6.0,
402,Hungary,Uranium - production,2009.0,Metric Tons,1.0,
403,Hungary,Uranium - production,2008.0,Metric Tons,1.0,
404,Hungary,Uranium - production,2007.0,Metric Tons,1.0,
405,Hungary,Uranium - production,2006.0,Metric Tons,2.0,
406,Hungary,Uranium - production,2005.0,Metric Tons,3.0,
407,Hungary,Uranium - production,2004.0,Metric Tons,2.0,
408,Hungary,Uranium - production,2003.0,Metric Tons,4.0,
409,Hungary,Uranium - production,2002.0,Metric Tons,10.0,
410,Hungary,Uranium - production,2001.0,Metric Tons,10.0,
411,Hungary,Uranium - production,2000.0,Metric Tons,10.0,
412,Hungary,Uranium - production,1999.0,Metric Tons,10.0,
413,Hungary,Uranium - production,1998.0,Metric Tons,10.0,
414,Hungary,Uranium - production,1997.0,Metric Tons,200.0,
415,Hungary,Uranium - production,1996.0,Metric Tons,200.0,
416,Hungary,Uranium - production,1995.0,Metric Tons,210.0,
417,Hungary,Uranium - production,1994.0,Metric Tons,413.0,
418,Hungary,Uranium - production,1993.0,Metric Tons,380.0,
419,Hungary,Uranium - production,1992.0,Metric Tons,430.0,
420,Hungary,Uranium - production,1991.0,Metric Tons,417.0,
421,Hungary,Uranium - production,1990.0,Metric Tons,490.0,
422,Hungary,Uranium - estimated additional reserves,2008.0,Metric Tons,8600.0,
423,Hungary,Uranium - estimated additional reserves,2003.0,Metric Tons,13800.0,
424,Hungary,Uranium - estimated additional reserves,1997.0,Metric Tons,15400.0,
425,Hungary,Uranium - estimated additional reserves,1993.0,Metric Tons,16660.0,
426,Hungary,Uranium - estimated additional reserves,1990.0,Metric Tons,18250.0,
427,India,Uranium - production,2010.0,Metric Tons,400.0,
428,India,Uranium - production,2009.0,Metric Tons,290.0,
429,India,Uranium - production,2008.0,Metric Tons,250.0,
430,India,Uranium - production,2007.0,Metric Tons,250.0,
431,India,Uranium - production,2006.0,Metric Tons,230.0,
432,India,Uranium - production,2005.0,Metric Tons,230.0,
433,India,Uranium - production,2004.0,Metric Tons,230.0,1.0
434,India,Uranium - production,2003.0,Metric Tons,230.0,1.0
435,India,Uranium - production,2002.0,Metric Tons,230.0,1.0
436,India,Uranium - production,2001.0,Metric Tons,230.0,1.0
437,India,Uranium - production,2000.0,Metric Tons,207.0,1.0
438,India,Uranium - production,1999.0,Metric Tons,207.0,
439,India,Uranium - production,1998.0,Metric Tons,207.0,
440,India,Uranium - production,1997.0,Metric Tons,207.0,
441,India,Uranium - production,1996.0,Metric Tons,207.0,
442,India,Uranium - production,1995.0,Metric Tons,155.0,
443,India,Uranium - production,1994.0,Metric Tons,155.0,
444,India,Uranium - production,1993.0,Metric Tons,148.0,
445,India,Uranium - production,1992.0,Metric Tons,150.0,
446,India,Uranium - production,1991.0,Metric Tons,200.0,
447,India,Uranium - production,1990.0,Metric Tons,230.0,
448,India,Uranium - reasonably assured reserves,2008.0,Metric Tons,55200.0,
449,India,Uranium - reasonably assured reserves,2007.0,Metric Tons,48900.0,
450,India,Uranium - reasonably assured reserves,2005.0,Metric Tons,42600.0,
451,India,Uranium - reasonably assured reserves,2003.0,Metric Tons,40980.0,
452,India,Uranium - reasonably assured reserves,1997.0,Metric Tons,52100.0,
453,India,Uranium - reasonably assured reserves,1993.0,Metric Tons,66360.0,
454,India,Uranium - estimated additional reserves,2008.0,Metric Tons,24900.0,
455,India,Uranium - estimated additional reserves,2005.0,Metric Tons,22300.0,
456,India,Uranium - estimated additional reserves,2003.0,Metric Tons,18935.0,
457,India,Uranium - estimated additional reserves,1997.0,Metric Tons,24300.0,
458,Indonesia,Uranium - reasonably assured reserves,2008.0,Metric Tons,4800.0,
459,Indonesia,Uranium - reasonably assured reserves,2007.0,Metric Tons,4600.0,
460,Indonesia,Uranium - reasonably assured reserves,2005.0,Metric Tons,4600.0,
461,Indonesia,Uranium - reasonably assured reserves,1998.0,Metric Tons,4620.0,
462,Indonesia,Uranium - reasonably assured reserves,1997.0,Metric Tons,6300.0,
463,Indonesia,Uranium - reasonably assured reserves,1993.0,Metric Tons,5420.0,
464,Indonesia,Uranium - estimated additional reserves,2008.0,Metric Tons,1200.0,
465,Indonesia,Uranium - estimated additional reserves,2005.0,Metric Tons,1200.0,
466,Indonesia,Uranium - estimated additional reserves,2003.0,Metric Tons,1155.0,
467,Indonesia,Uranium - estimated additional reserves,1997.0,Metric Tons,1700.0,
468,Indonesia,Uranium - estimated additional reserves,1993.0,Metric Tons,2150.0,
469,Iran(Islamic Rep. of),Uranium - production,2010.0,Metric Tons,7.3,
470,Iran(Islamic Rep. of),Uranium - production,2009.0,Metric Tons,8.14,
471,Iran(Islamic Rep. of),Uranium - production,2008.0,Metric Tons,6.26,
472,Iran(Islamic Rep. of),Uranium - production,2007.0,Metric Tons,5.0,
473,Iran(Islamic Rep. of),Uranium - production,2006.0,Metric Tons,6.0,
474,Iran(Islamic Rep. of),Uranium - production,2005.0,Metric Tons,0.0,
475,Iran(Islamic Rep. of),Uranium - production,2004.0,Metric Tons,0.0,
476,Iran(Islamic Rep. of),Uranium - production,2003.0,Metric Tons,0.0,
477,Iran(Islamic Rep. of),Uranium - production,2002.0,Metric Tons,0.0,
478,Iran(Islamic Rep. of),Uranium - reasonably assured reserves,2008.0,Metric Tons,700.0,
479,Iran(Islamic Rep. of),Uranium - reasonably assured reserves,2007.0,Metric Tons,500.0,
480,Iran(Islamic Rep. of),Uranium - reasonably assured reserves,2005.0,Metric Tons,400.0,
481,Iran(Islamic Rep. of),Uranium - reasonably assured reserves,2003.0,Metric Tons,370.0,
482,Iran(Islamic Rep. of),Uranium - reasonably assured reserves,1997.0,Metric Tons,2800.0,
483,Iran(Islamic Rep. of),Uranium - estimated additional reserves,2008.0,Metric Tons,1400.0,
484,Iran(Islamic Rep. of),Uranium - estimated additional reserves,2005.0,Metric Tons,1100.0,
485,Iran(Islamic Rep. of),Uranium - estimated additional reserves,2003.0,Metric Tons,700.0,
486,Italy,Uranium - reasonably assured reserves,2008.0,Metric Tons,4800.0,
487,Italy,Uranium - reasonably assured reserves,2007.0,Metric Tons,4800.0,
488,Italy,Uranium - reasonably assured reserves,1998.0,Metric Tons,4800.0,
489,Italy,Uranium - reasonably assured reserves,1997.0,Metric Tons,4800.0,
490,Italy,Uranium - reasonably assured reserves,1993.0,Metric Tons,4800.0,
491,Italy,Uranium - estimated additional reserves,2008.0,Metric Tons,1300.0,
492,Italy,Uranium - estimated additional reserves,2005.0,Metric Tons,1300.0,
493,Italy,Uranium - estimated additional reserves,2003.0,Metric Tons,1300.0,
494,Italy,Uranium - estimated additional reserves,1997.0,Metric Tons,1300.0,
495,Italy,Uranium - estimated additional reserves,1993.0,Metric Tons,1300.0,
496,Italy,Uranium - estimated additional reserves,1990.0,Metric Tons,1300.0,
497,Japan,Uranium - production,1990.0,Metric Tons,0.0,
498,Japan,Uranium - reasonably assured reserves,2008.0,Metric Tons,6600.0,
499,Japan,Uranium - reasonably assured reserves,2007.0,Metric Tons,6600.0,
500,Japan,Uranium - reasonably assured reserves,2003.0,Metric Tons,6600.0,
501,Japan,Uranium - reasonably assured reserves,1997.0,Metric Tons,6600.0,
502,Japan,Uranium - reasonably assured reserves,1993.0,Metric Tons,6600.0,
503,Japan,Uranium - reasonably assured reserves,1990.0,Metric Tons,6600.0,
504,Jordan,Uranium - reasonably assured reserves,2008.0,Metric Tons,44000.0,
505,Jordan,Uranium - reasonably assured reserves,2007.0,Metric Tons,44000.0,
506,Jordan,Uranium - reasonably assured reserves,2005.0,Metric Tons,30400.0,
507,Jordan,Uranium - estimated additional reserves,2008.0,Metric Tons,67800.0,
508,Jordan,Uranium - estimated additional reserves,2005.0,Metric Tons,48600.0,
509,Kazakhstan,Uranium - production,2010.0,Metric Tons,17803.0,
510,Kazakhstan,Uranium - production,2009.0,Metric Tons,14020.0,
511,Kazakhstan,Uranium - production,2008.0,Metric Tons,8512.0,
512,Kazakhstan,Uranium - production,2007.0,Metric Tons,6633.0,
513,Kazakhstan,Uranium - production,2006.0,Metric Tons,5281.0,
514,Kazakhstan,Uranium - production,2005.0,Metric Tons,4346.0,
515,Kazakhstan,Uranium - production,2004.0,Metric Tons,3719.0,
516,Kazakhstan,Uranium - production,2003.0,Metric Tons,3327.0,
517,Kazakhstan,Uranium - production,2002.0,Metric Tons,2826.0,
518,Kazakhstan,Uranium - production,2001.0,Metric Tons,2114.0,
519,Kazakhstan,Uranium - production,2000.0,Metric Tons,1870.0,
520,Kazakhstan,Uranium - production,1999.0,Metric Tons,1560.0,
521,Kazakhstan,Uranium - production,1998.0,Metric Tons,1270.0,
522,Kazakhstan,Uranium - production,1997.0,Metric Tons,1090.0,
523,Kazakhstan,Uranium - production,1996.0,Metric Tons,1210.0,
524,Kazakhstan,Uranium - production,1995.0,Metric Tons,1630.0,
525,Kazakhstan,Uranium - production,1994.0,Metric Tons,2240.0,
526,Kazakhstan,Uranium - production,1993.0,Metric Tons,2700.0,
527,Kazakhstan,Uranium - production,1992.0,Metric Tons,2802.0,
528,Kazakhstan,Uranium - reasonably assured reserves,2008.0,Metric Tons,414200.0,
529,Kazakhstan,Uranium - reasonably assured reserves,2007.0,Metric Tons,378100.0,
530,Kazakhstan,Uranium - reasonably assured reserves,2005.0,Metric Tons,513900.0,
531,Kazakhstan,Uranium - reasonably assured reserves,2003.0,Metric Tons,530460.0,
532,Kazakhstan,Uranium - reasonably assured reserves,1997.0,Metric Tons,601300.0,
533,Kazakhstan,Uranium - reasonably assured reserves,1993.0,Metric Tons,512300.0,
534,Kazakhstan,Uranium - estimated additional reserves,2008.0,Metric Tons,417900.0,
535,Kazakhstan,Uranium - estimated additional reserves,2005.0,Metric Tons,302200.0,
536,Kazakhstan,Uranium - estimated additional reserves,2003.0,Metric Tons,317160.0,
537,Kazakhstan,Uranium - estimated additional reserves,1997.0,Metric Tons,259300.0,
538,"Korea, Republic of",Uranium - reasonably assured reserves,1990.0,Metric Tons,11800.0,
539,"Korea, Republic of",Uranium - estimated additional reserves,1990.0,Metric Tons,3000.0,
540,Malawi,Uranium - reasonably assured reserves,2008.0,Metric Tons,13600.0,
541,Malawi,Uranium - reasonably assured reserves,2007.0,Metric Tons,11600.0,
542,Malawi,Uranium - reasonably assured reserves,2005.0,Metric Tons,8800.0,
543,Malawi,Uranium - reasonably assured reserves,2003.0,Metric Tons,8775.0,
544,Malawi,Uranium - estimated additional reserves,2008.0,Metric Tons,1500.0,
545,Mexico,Uranium - reasonably assured reserves,2008.0,Metric Tons,1300.0,
546,Mexico,Uranium - reasonably assured reserves,2007.0,Metric Tons,1300.0,
547,Mexico,Uranium - reasonably assured reserves,2005.0,Metric Tons,1300.0,
548,Mexico,Uranium - reasonably assured reserves,1998.0,Metric Tons,1275.0,
549,Mexico,Uranium - reasonably assured reserves,1997.0,Metric Tons,1700.0,
550,Mexico,Uranium - reasonably assured reserves,1993.0,Metric Tons,10600.0,
551,Mexico,Uranium - reasonably assured reserves,1990.0,Metric Tons,1700.0,
552,Mexico,Uranium - estimated additional reserves,2008.0,Metric Tons,500.0,
553,Mexico,Uranium - estimated additional reserves,2005.0,Metric Tons,525.0,
554,Mexico,Uranium - estimated additional reserves,2003.0,Metric Tons,525.0,
555,Mexico,Uranium - estimated additional reserves,1997.0,Metric Tons,700.0,
556,Mexico,Uranium - estimated additional reserves,1993.0,Metric Tons,700.0,
557,Mexico,Uranium - estimated additional reserves,1990.0,Metric Tons,700.0,
558,Mongolia,Uranium - production,1998.0,Metric Tons,0.0,
559,Mongolia,Uranium - production,1997.0,Metric Tons,0.0,
560,Mongolia,Uranium - production,1996.0,Metric Tons,0.0,
561,Mongolia,Uranium - production,1995.0,Metric Tons,20.0,
562,Mongolia,Uranium - production,1994.0,Metric Tons,72.0,
563,Mongolia,Uranium - production,1993.0,Metric Tons,54.0,
564,Mongolia,Uranium - production,1992.0,Metric Tons,105.0,
565,Mongolia,Uranium - production,1991.0,Metric Tons,101.0,
566,Mongolia,Uranium - production,1990.0,Metric Tons,89.0,
567,Mongolia,Uranium - reasonably assured reserves,2008.0,Metric Tons,37500.0,
568,Mongolia,Uranium - reasonably assured reserves,2007.0,Metric Tons,46200.0,
569,Mongolia,Uranium - reasonably assured reserves,2005.0,Metric Tons,46200.0,
570,Mongolia,Uranium - reasonably assured reserves,2003.0,Metric Tons,46200.0,
571,Mongolia,Uranium - reasonably assured reserves,2002.0,Metric Tons,61600.0,1.0
572,Mongolia,Uranium - reasonably assured reserves,2001.0,Metric Tons,61600.0,
573,Mongolia,Uranium - reasonably assured reserves,2000.0,Metric Tons,61600.0,
574,Mongolia,Uranium - reasonably assured reserves,1999.0,Metric Tons,61600.0,
575,Mongolia,Uranium - reasonably assured reserves,1998.0,Metric Tons,61600.0,
576,Mongolia,Uranium - reasonably assured reserves,1997.0,Metric Tons,61600.0,
577,Mongolia,Uranium - reasonably assured reserves,1993.0,Metric Tons,80000.0,
578,Mongolia,Uranium - estimated additional reserves,2008.0,Metric Tons,11800.0,
579,Mongolia,Uranium - estimated additional reserves,2005.0,Metric Tons,15700.0,
580,Mongolia,Uranium - estimated additional reserves,2003.0,Metric Tons,15750.0,
581,Mongolia,Uranium - estimated additional reserves,2002.0,Metric Tons,21000.0,1.0
582,Mongolia,Uranium - estimated additional reserves,2001.0,Metric Tons,21000.0,
583,Mongolia,Uranium - estimated additional reserves,2000.0,Metric Tons,21000.0,
584,Mongolia,Uranium - estimated additional reserves,1999.0,Metric Tons,21000.0,
585,Mongolia,Uranium - estimated additional reserves,1998.0,Metric Tons,21000.0,
586,Mongolia,Uranium - estimated additional reserves,1997.0,Metric Tons,21000.0,
587,Namibia,Uranium - production,2010.0,Metric Tons,4503.0,
588,Namibia,Uranium - production,2009.0,Metric Tons,4626.0,
589,Namibia,Uranium - production,2008.0,Metric Tons,4365.0,
590,Namibia,Uranium - production,2007.0,Metric Tons,2832.0,
591,Namibia,Uranium - production,2006.0,Metric Tons,3076.0,
592,Namibia,Uranium - production,2005.0,Metric Tons,3146.0,
593,Namibia,Uranium - production,2004.0,Metric Tons,3038.0,
594,Namibia,Uranium - production,2003.0,Metric Tons,2037.0,1.0
595,Namibia,Uranium - production,2002.0,Metric Tons,2333.0,
596,Namibia,Uranium - production,2001.0,Metric Tons,2239.0,
597,Namibia,Uranium - production,2000.0,Metric Tons,2715.0,
598,Namibia,Uranium - production,1999.0,Metric Tons,2690.0,
599,Namibia,Uranium - production,1998.0,Metric Tons,2780.0,
600,Namibia,Uranium - production,1997.0,Metric Tons,2905.0,
601,Namibia,Uranium - production,1996.0,Metric Tons,2447.0,
602,Namibia,Uranium - production,1995.0,Metric Tons,2016.0,
603,Namibia,Uranium - production,1994.0,Metric Tons,1895.0,
604,Namibia,Uranium - production,1993.0,Metric Tons,1679.0,
605,Namibia,Uranium - production,1992.0,Metric Tons,1660.0,
606,Namibia,Uranium - production,1991.0,Metric Tons,2450.0,
607,Namibia,Uranium - production,1990.0,Metric Tons,3211.0,
608,Namibia,Uranium - reasonably assured reserves,2008.0,Metric Tons,157000.0,
609,Namibia,Uranium - reasonably assured reserves,2007.0,Metric Tons,176400.0,
610,Namibia,Uranium - reasonably assured reserves,2005.0,Metric Tons,182600.0,
611,Namibia,Uranium - reasonably assured reserves,1998.0,Metric Tons,170532.0,
612,Namibia,Uranium - reasonably assured reserves,1997.0,Metric Tons,187300.0,
613,Namibia,Uranium - reasonably assured reserves,1993.0,Metric Tons,96620.0,
614,Namibia,Uranium - reasonably assured reserves,1990.0,Metric Tons,16000.0,
615,Namibia,Uranium - estimated additional reserves,2008.0,Metric Tons,127200.0,
616,Namibia,Uranium - estimated additional reserves,2005.0,Metric Tons,99800.0,
617,Namibia,Uranium - estimated additional reserves,2003.0,Metric Tons,87085.0,
618,Namibia,Uranium - estimated additional reserves,1997.0,Metric Tons,107500.0,
619,Namibia,Uranium - estimated additional reserves,1993.0,Metric Tons,53000.0,
620,Namibia,Uranium - estimated additional reserves,1990.0,Metric Tons,53000.0,
621,Niger,Uranium - production,2010.0,Metric Tons,4199.0,
622,Niger,Uranium - production,2009.0,Metric Tons,3245.0,
623,Niger,Uranium - production,2008.0,Metric Tons,2993.0,
624,Niger,Uranium - production,2007.0,Metric Tons,3153.0,
625,Niger,Uranium - production,2006.0,Metric Tons,3434.0,
626,Niger,Uranium - production,2005.0,Metric Tons,3093.0,
627,Niger,Uranium - production,2004.0,Metric Tons,3273.0,
628,Niger,Uranium - production,2003.0,Metric Tons,3143.0,
629,Niger,Uranium - production,2002.0,Metric Tons,3076.0,
630,Niger,Uranium - production,2001.0,Metric Tons,2919.0,
631,Niger,Uranium - production,2000.0,Metric Tons,2914.0,
632,Niger,Uranium - production,1999.0,Metric Tons,2948.0,
633,Niger,Uranium - production,1998.0,Metric Tons,3714.0,
634,Niger,Uranium - production,1997.0,Metric Tons,3499.0,
635,Niger,Uranium - production,1996.0,Metric Tons,3329.0,
636,Niger,Uranium - production,1995.0,Metric Tons,2974.0,
637,Niger,Uranium - production,1994.0,Metric Tons,2975.0,
638,Niger,Uranium - production,1993.0,Metric Tons,2914.0,
639,Niger,Uranium - production,1992.0,Metric Tons,2965.0,
640,Niger,Uranium - production,1991.0,Metric Tons,2963.0,
641,Niger,Uranium - production,1990.0,Metric Tons,2839.0,
642,Niger,Uranium - reasonably assured reserves,2008.0,Metric Tons,244600.0,
643,Niger,Uranium - reasonably assured reserves,2007.0,Metric Tons,243100.0,
644,Niger,Uranium - reasonably assured reserves,2005.0,Metric Tons,180500.0,
645,Niger,Uranium - reasonably assured reserves,2003.0,Metric Tons,102227.0,
646,Niger,Uranium - reasonably assured reserves,2002.0,Metric Tons,165820.0,
647,Niger,Uranium - reasonably assured reserves,2001.0,Metric Tons,165820.0,
648,Niger,Uranium - reasonably assured reserves,2000.0,Metric Tons,165820.0,
649,Niger,Uranium - reasonably assured reserves,1999.0,Metric Tons,165820.0,
650,Niger,Uranium - reasonably assured reserves,1998.0,Metric Tons,165820.0,
651,Niger,Uranium - reasonably assured reserves,1997.0,Metric Tons,165820.0,
652,Niger,Uranium - reasonably assured reserves,1995.0,Metric Tons,165820.0,
653,Niger,Uranium - reasonably assured reserves,1993.0,Metric Tons,165820.0,
654,Niger,Uranium - reasonably assured reserves,1990.0,Metric Tons,6650.0,
655,Niger,Uranium - estimated additional reserves,2008.0,Metric Tons,30900.0,
656,Niger,Uranium - estimated additional reserves,2005.0,Metric Tons,45000.0,
657,Niger,Uranium - estimated additional reserves,2003.0,Metric Tons,125377.0,
658,Niger,Uranium - estimated additional reserves,2002.0,Metric Tons,1200000.0,
659,Niger,Uranium - estimated additional reserves,2001.0,Metric Tons,1200000.0,
660,Niger,Uranium - estimated additional reserves,2000.0,Metric Tons,1200000.0,
661,Niger,Uranium - estimated additional reserves,1999.0,Metric Tons,1200000.0,
662,Niger,Uranium - estimated additional reserves,1998.0,Metric Tons,1200000.0,
663,Niger,Uranium - estimated additional reserves,1997.0,Metric Tons,1200000.0,
664,Niger,Uranium - estimated additional reserves,1995.0,Metric Tons,305770.0,
665,Niger,Uranium - estimated additional reserves,1993.0,Metric Tons,305770.0,
666,Niger,Uranium - estimated additional reserves,1990.0,Metric Tons,305770.0,
667,Pakistan,Uranium - production,2010.0,Metric Tons,45.0,
668,Pakistan,Uranium - production,2009.0,Metric Tons,50.0,
669,Pakistan,Uranium - production,2008.0,Metric Tons,45.0,
670,Pakistan,Uranium - production,2007.0,Metric Tons,40.0,
671,Pakistan,Uranium - production,2006.0,Metric Tons,40.0,
672,Pakistan,Uranium - production,2005.0,Metric Tons,40.0,
673,Pakistan,Uranium - production,2004.0,Metric Tons,38.0,
674,Pakistan,Uranium - production,2003.0,Metric Tons,40.0,
675,Pakistan,Uranium - production,2002.0,Metric Tons,38.0,
676,Pakistan,Uranium - production,2001.0,Metric Tons,46.0,
677,Pakistan,Uranium - production,2000.0,Metric Tons,23.0,
678,Pakistan,Uranium - production,1999.0,Metric Tons,23.0,
679,Pakistan,Uranium - production,1998.0,Metric Tons,23.0,
680,Pakistan,Uranium - production,1997.0,Metric Tons,23.0,
681,Pakistan,Uranium - production,1996.0,Metric Tons,23.0,
682,Pakistan,Uranium - production,1995.0,Metric Tons,23.0,
683,Pakistan,Uranium - production,1994.0,Metric Tons,23.0,
684,Pakistan,Uranium - production,1993.0,Metric Tons,23.0,
685,Pakistan,Uranium - production,1992.0,Metric Tons,23.0,
686,Pakistan,Uranium - production,1991.0,Metric Tons,30.0,
687,Pakistan,Uranium - production,1990.0,Metric Tons,30.0,
688,Peru,Uranium - reasonably assured reserves,2008.0,Metric Tons,1300.0,
689,Peru,Uranium - reasonably assured reserves,2007.0,Metric Tons,1400.0,
690,Peru,Uranium - reasonably assured reserves,2005.0,Metric Tons,1200.0,
691,Peru,Uranium - reasonably assured reserves,2003.0,Metric Tons,1215.0,
692,Peru,Uranium - reasonably assured reserves,1997.0,Metric Tons,1800.0,
693,Peru,Uranium - reasonably assured reserves,1993.0,Metric Tons,1790.0,
694,Peru,Uranium - estimated additional reserves,2008.0,Metric Tons,1400.0,
695,Peru,Uranium - estimated additional reserves,2005.0,Metric Tons,1300.0,
696,Peru,Uranium - estimated additional reserves,2003.0,Metric Tons,1265.0,
697,Peru,Uranium - estimated additional reserves,1997.0,Metric Tons,1900.0,
698,Peru,Uranium - estimated additional reserves,1993.0,Metric Tons,1860.0,
699,Peru,Uranium - estimated additional reserves,1990.0,Metric Tons,1860.0,
700,Portugal,Uranium - production,2001.0,Metric Tons,4.0,
701,Portugal,Uranium - production,2000.0,Metric Tons,14.0,
702,Portugal,Uranium - production,1999.0,Metric Tons,10.0,
703,Portugal,Uranium - production,1998.0,Metric Tons,19.0,
704,Portugal,Uranium - production,1997.0,Metric Tons,17.0,
705,Portugal,Uranium - production,1996.0,Metric Tons,15.0,
706,Portugal,Uranium - production,1995.0,Metric Tons,18.0,
707,Portugal,Uranium - production,1994.0,Metric Tons,24.0,
708,Portugal,Uranium - production,1993.0,Metric Tons,32.0,
709,Portugal,Uranium - production,1992.0,Metric Tons,28.0,
710,Portugal,Uranium - production,1991.0,Metric Tons,28.0,
711,Portugal,Uranium - production,1990.0,Metric Tons,111.0,
712,Portugal,Uranium - reasonably assured reserves,2008.0,Metric Tons,6000.0,
713,Portugal,Uranium - reasonably assured reserves,2007.0,Metric Tons,6000.0,
714,Portugal,Uranium - reasonably assured reserves,2005.0,Metric Tons,7000.0,
715,Portugal,Uranium - reasonably assured reserves,1998.0,Metric Tons,7470.0,
716,Portugal,Uranium - reasonably assured reserves,1997.0,Metric Tons,8900.0,
717,Portugal,Uranium - reasonably assured reserves,1993.0,Metric Tons,8700.0,
718,Portugal,Uranium - reasonably assured reserves,1990.0,Metric Tons,1400.0,
719,Portugal,Uranium - estimated additional reserves,2008.0,Metric Tons,1000.0,
720,Portugal,Uranium - estimated additional reserves,2005.0,Metric Tons,1200.0,
721,Portugal,Uranium - estimated additional reserves,2003.0,Metric Tons,1450.0,
722,Portugal,Uranium - estimated additional reserves,1997.0,Metric Tons,1500.0,
723,Portugal,Uranium - estimated additional reserves,1993.0,Metric Tons,1450.0,
724,Portugal,Uranium - estimated additional reserves,1990.0,Metric Tons,1450.0,
725,Romania,Uranium - production,2010.0,Metric Tons,80.0,
726,Romania,Uranium - production,2009.0,Metric Tons,80.0,
727,Romania,Uranium - production,2008.0,Metric Tons,80.0,
728,Romania,Uranium - production,2007.0,Metric Tons,80.0,
729,Romania,Uranium - production,2006.0,Metric Tons,90.0,
730,Romania,Uranium - production,2005.0,Metric Tons,90.0,
731,Romania,Uranium - production,2004.0,Metric Tons,90.0,
732,Romania,Uranium - production,2003.0,Metric Tons,90.0,1.0
733,Romania,Uranium - production,2002.0,Metric Tons,90.0,
734,Romania,Uranium - production,2001.0,Metric Tons,85.0,1.0
735,Romania,Uranium - production,2000.0,Metric Tons,86.0,1.0
736,Romania,Uranium - production,1999.0,Metric Tons,89.0,
737,Romania,Uranium - production,1998.0,Metric Tons,132.0,
738,Romania,Uranium - production,1997.0,Metric Tons,107.0,
739,Romania,Uranium - production,1996.0,Metric Tons,105.0,
740,Romania,Uranium - production,1995.0,Metric Tons,120.0,
741,Romania,Uranium - production,1994.0,Metric Tons,120.0,
742,Romania,Uranium - production,1993.0,Metric Tons,120.0,
743,Romania,Uranium - production,1992.0,Metric Tons,120.0,
744,Romania,Uranium - production,1991.0,Metric Tons,160.0,
745,Romania,Uranium - production,1990.0,Metric Tons,210.0,
746,Romania,Uranium - reasonably assured reserves,2008.0,Metric Tons,3100.0,
747,Romania,Uranium - reasonably assured reserves,2007.0,Metric Tons,3100.0,
748,Romania,Uranium - reasonably assured reserves,2005.0,Metric Tons,3100.0,
749,Romania,Uranium - reasonably assured reserves,2003.0,Metric Tons,3325.0,
750,Romania,Uranium - reasonably assured reserves,1997.0,Metric Tons,6900.0,
751,Romania,Uranium - reasonably assured reserves,1993.0,Metric Tons,26000.0,
752,Romania,Uranium - estimated additional reserves,2008.0,Metric Tons,3600.0,
753,Romania,Uranium - estimated additional reserves,2005.0,Metric Tons,3608.0,
754,Romania,Uranium - estimated additional reserves,2003.0,Metric Tons,3608.0,
755,Romania,Uranium - estimated additional reserves,1997.0,Metric Tons,9000.0,
756,Russian Federation,Uranium - production,2010.0,Metric Tons,3562.0,
757,Russian Federation,Uranium - production,2009.0,Metric Tons,3565.0,
758,Russian Federation,Uranium - production,2008.0,Metric Tons,3521.0,
759,Russian Federation,Uranium - production,2007.0,Metric Tons,3413.0,
760,Russian Federation,Uranium - production,2006.0,Metric Tons,3190.0,
761,Russian Federation,Uranium - production,2005.0,Metric Tons,3285.0,
762,Russian Federation,Uranium - production,2004.0,Metric Tons,3290.0,
763,Russian Federation,Uranium - production,2003.0,Metric Tons,3073.0,
764,Russian Federation,Uranium - production,2002.0,Metric Tons,2850.0,
765,Russian Federation,Uranium - production,2001.0,Metric Tons,3090.0,
766,Russian Federation,Uranium - production,2000.0,Metric Tons,2760.0,
767,Russian Federation,Uranium - production,1999.0,Metric Tons,2610.0,
768,Russian Federation,Uranium - production,1998.0,Metric Tons,2530.0,
769,Russian Federation,Uranium - production,1997.0,Metric Tons,2580.0,
770,Russian Federation,Uranium - production,1996.0,Metric Tons,2605.0,
771,Russian Federation,Uranium - production,1995.0,Metric Tons,2160.0,
772,Russian Federation,Uranium - production,1994.0,Metric Tons,2541.0,
773,Russian Federation,Uranium - production,1993.0,Metric Tons,2697.0,
774,Russian Federation,Uranium - production,1992.0,Metric Tons,2640.0,
775,Russian Federation,Uranium - reasonably assured reserves,2008.0,Metric Tons,181400.0,
776,Russian Federation,Uranium - reasonably assured reserves,2007.0,Metric Tons,172400.0,
777,Russian Federation,Uranium - reasonably assured reserves,2005.0,Metric Tons,131700.0,
778,Russian Federation,Uranium - reasonably assured reserves,2003.0,Metric Tons,143020.0,
779,Russian Federation,Uranium - reasonably assured reserves,1997.0,Metric Tons,145000.0,
780,Russian Federation,Uranium - reasonably assured reserves,1993.0,Metric Tons,299700.0,
781,Russian Federation,Uranium - estimated additional reserves,2008.0,Metric Tons,384900.0,
782,Russian Federation,Uranium - estimated additional reserves,2005.0,Metric Tons,40700.0,
783,Russian Federation,Uranium - estimated additional reserves,2003.0,Metric Tons,121220.0,
784,Russian Federation,Uranium - estimated additional reserves,1997.0,Metric Tons,36500.0,
785,Slovakia,Uranium - reasonably assured reserves,2008.0,Metric Tons,5100.0,
786,Slovakia,Uranium - reasonably assured reserves,1993.0,Metric Tons,1800.0,
787,Slovakia,Uranium - estimated additional reserves,2008.0,Metric Tons,5200.0,
788,Slovenia,Uranium - production,1999.0,Metric Tons,0.0,
789,Slovenia,Uranium - production,1998.0,Metric Tons,0.0,
790,Slovenia,Uranium - production,1997.0,Metric Tons,0.0,
791,Slovenia,Uranium - production,1996.0,Metric Tons,0.0,
792,Slovenia,Uranium - production,1995.0,Metric Tons,0.0,
793,Slovenia,Uranium - production,1994.0,Metric Tons,0.0,
794,Slovenia,Uranium - production,1993.0,Metric Tons,0.0,
795,Slovenia,Uranium - production,1992.0,Metric Tons,2.0,
796,Slovenia,Uranium - reasonably assured reserves,2008.0,Metric Tons,1700.0,
797,Slovenia,Uranium - reasonably assured reserves,2007.0,Metric Tons,1000.0,
798,Slovenia,Uranium - reasonably assured reserves,2005.0,Metric Tons,1200.0,
799,Slovenia,Uranium - estimated additional reserves,2008.0,Metric Tons,7500.0,
800,Slovenia,Uranium - estimated additional reserves,2005.0,Metric Tons,5500.0,
801,Slovenia,Uranium - estimated additional reserves,2003.0,Metric Tons,10000.0,
802,Slovenia,Uranium - estimated additional reserves,1997.0,Metric Tons,10000.0,
803,Slovenia,Uranium - estimated additional reserves,1993.0,Metric Tons,5000.0,
804,Somalia,Uranium - reasonably assured reserves,2008.0,Metric Tons,5000.0,
805,Somalia,Uranium - reasonably assured reserves,2007.0,Metric Tons,5000.0,
806,Somalia,Uranium - reasonably assured reserves,2006.0,Metric Tons,4900.0,
807,Somalia,Uranium - reasonably assured reserves,2005.0,Metric Tons,4900.0,
808,Somalia,Uranium - reasonably assured reserves,2003.0,Metric Tons,4950.0,
809,Somalia,Uranium - reasonably assured reserves,2002.0,Metric Tons,6600.0,
810,Somalia,Uranium - reasonably assured reserves,2001.0,Metric Tons,6600.0,
811,Somalia,Uranium - reasonably assured reserves,2000.0,Metric Tons,6600.0,
812,Somalia,Uranium - reasonably assured reserves,1999.0,Metric Tons,6600.0,
813,Somalia,Uranium - reasonably assured reserves,1998.0,Metric Tons,6600.0,
814,Somalia,Uranium - reasonably assured reserves,1997.0,Metric Tons,6600.0,
815,Somalia,Uranium - reasonably assured reserves,1993.0,Metric Tons,6600.0,
816,Somalia,Uranium - reasonably assured reserves,1990.0,Metric Tons,6600.0,
817,Somalia,Uranium - estimated additional reserves,2008.0,Metric Tons,2600.0,
818,Somalia,Uranium - estimated additional reserves,2006.0,Metric Tons,2500.0,
819,Somalia,Uranium - estimated additional reserves,2005.0,Metric Tons,2500.0,
820,Somalia,Uranium - estimated additional reserves,2003.0,Metric Tons,2550.0,
821,Somalia,Uranium - estimated additional reserves,2002.0,Metric Tons,3400.0,
822,Somalia,Uranium - estimated additional reserves,2001.0,Metric Tons,3400.0,
823,Somalia,Uranium - estimated additional reserves,2000.0,Metric Tons,3400.0,
824,Somalia,Uranium - estimated additional reserves,1999.0,Metric Tons,3400.0,
825,Somalia,Uranium - estimated additional reserves,1998.0,Metric Tons,3400.0,
826,Somalia,Uranium - estimated additional reserves,1997.0,Metric Tons,3400.0,
827,Somalia,Uranium - estimated additional reserves,1993.0,Metric Tons,3400.0,
828,Somalia,Uranium - estimated additional reserves,1990.0,Metric Tons,3400.0,
829,South Africa,Uranium - production,2010.0,Metric Tons,582.0,
830,South Africa,Uranium - production,2009.0,Metric Tons,563.0,
831,South Africa,Uranium - production,2008.0,Metric Tons,566.0,
832,South Africa,Uranium - production,2007.0,Metric Tons,540.0,
833,South Africa,Uranium - production,2006.0,Metric Tons,534.0,
834,South Africa,Uranium - production,2005.0,Metric Tons,673.0,
835,South Africa,Uranium - production,2004.0,Metric Tons,747.0,
836,South Africa,Uranium - production,2003.0,Metric Tons,763.0,
837,South Africa,Uranium - production,2002.0,Metric Tons,828.0,
838,South Africa,Uranium - production,2001.0,Metric Tons,878.0,
839,South Africa,Uranium - production,2000.0,Metric Tons,798.0,
840,South Africa,Uranium - production,1999.0,Metric Tons,927.0,
841,South Africa,Uranium - production,1998.0,Metric Tons,965.0,
842,South Africa,Uranium - production,1997.0,Metric Tons,1110.0,
843,South Africa,Uranium - production,1996.0,Metric Tons,1436.0,
844,South Africa,Uranium - production,1995.0,Metric Tons,1421.0,
845,South Africa,Uranium - production,1994.0,Metric Tons,1671.0,
846,South Africa,Uranium - production,1993.0,Metric Tons,1669.0,
847,South Africa,Uranium - production,1992.0,Metric Tons,1669.0,
848,South Africa,Uranium - production,1991.0,Metric Tons,1712.0,
849,South Africa,Uranium - production,1990.0,Metric Tons,2460.0,
850,South Africa,Uranium - reasonably assured reserves,2008.0,Metric Tons,195200.0,
851,South Africa,Uranium - reasonably assured reserves,2007.0,Metric Tons,284400.0,
852,South Africa,Uranium - reasonably assured reserves,2005.0,Metric Tons,255600.0,
853,South Africa,Uranium - reasonably assured reserves,2003.0,Metric Tons,315330.0,
854,South Africa,Uranium - reasonably assured reserves,1997.0,Metric Tons,269800.0,
855,South Africa,Uranium - reasonably assured reserves,1993.0,Metric Tons,337460.0,
856,South Africa,Uranium - reasonably assured reserves,1990.0,Metric Tons,112800.0,
857,South Africa,Uranium - estimated additional reserves,2008.0,Metric Tons,100400.0,
858,South Africa,Uranium - estimated additional reserves,2005.0,Metric Tons,85000.0,
859,South Africa,Uranium - estimated additional reserves,2003.0,Metric Tons,80340.0,
860,South Africa,Uranium - estimated additional reserves,1997.0,Metric Tons,71000.0,
861,South Africa,Uranium - estimated additional reserves,1993.0,Metric Tons,54200.0,
862,South Africa,Uranium - estimated additional reserves,1990.0,Metric Tons,82600.0,
863,Spain,Uranium - production,2002.0,Metric Tons,37.0,
864,Spain,Uranium - production,2001.0,Metric Tons,30.0,
865,Spain,Uranium - production,2000.0,Metric Tons,255.0,
866,Spain,Uranium - production,1999.0,Metric Tons,255.0,
867,Spain,Uranium - production,1998.0,Metric Tons,255.0,
868,Spain,Uranium - production,1997.0,Metric Tons,255.0,
869,Spain,Uranium - production,1996.0,Metric Tons,255.0,
870,Spain,Uranium - production,1995.0,Metric Tons,255.0,
871,Spain,Uranium - production,1994.0,Metric Tons,256.0,
872,Spain,Uranium - production,1993.0,Metric Tons,184.0,
873,Spain,Uranium - production,1992.0,Metric Tons,187.0,
874,Spain,Uranium - production,1991.0,Metric Tons,196.0,
875,Spain,Uranium - production,1990.0,Metric Tons,213.0,
876,Spain,Uranium - reasonably assured reserves,2008.0,Metric Tons,4900.0,
877,Spain,Uranium - reasonably assured reserves,2007.0,Metric Tons,4900.0,
878,Spain,Uranium - reasonably assured reserves,2005.0,Metric Tons,4900.0,
879,Spain,Uranium - reasonably assured reserves,2003.0,Metric Tons,4925.0,
880,Spain,Uranium - reasonably assured reserves,1997.0,Metric Tons,12200.0,
881,Spain,Uranium - reasonably assured reserves,1993.0,Metric Tons,41300.0,
882,Spain,Uranium - reasonably assured reserves,1990.0,Metric Tons,21150.0,
883,Spain,Uranium - estimated additional reserves,2008.0,Metric Tons,6400.0,
884,Spain,Uranium - estimated additional reserves,2005.0,Metric Tons,6400.0,
885,Spain,Uranium - estimated additional reserves,2003.0,Metric Tons,6380.0,
886,Spain,Uranium - estimated additional reserves,1997.0,Metric Tons,8200.0,
887,Spain,Uranium - estimated additional reserves,1993.0,Metric Tons,4200.0,
888,Spain,Uranium - estimated additional reserves,1990.0,Metric Tons,9000.0,
889,Sweden,Uranium - production,1990.0,Metric Tons,0.0,
890,Sweden,Uranium - reasonably assured reserves,2008.0,Metric Tons,4000.0,
891,Sweden,Uranium - reasonably assured reserves,2007.0,Metric Tons,4000.0,
892,Sweden,Uranium - reasonably assured reserves,2003.0,Metric Tons,4000.0,
893,Sweden,Uranium - reasonably assured reserves,1997.0,Metric Tons,4000.0,
894,Sweden,Uranium - reasonably assured reserves,1993.0,Metric Tons,4000.0,
895,Sweden,Uranium - reasonably assured reserves,1990.0,Metric Tons,2000.0,
896,Sweden,Uranium - estimated additional reserves,2008.0,Metric Tons,6000.0,
897,Sweden,Uranium - estimated additional reserves,2005.0,Metric Tons,6000.0,
898,Sweden,Uranium - estimated additional reserves,2003.0,Metric Tons,6000.0,
899,Sweden,Uranium - estimated additional reserves,1997.0,Metric Tons,6300.0,
900,Sweden,Uranium - estimated additional reserves,1993.0,Metric Tons,6300.0,
901,Sweden,Uranium - estimated additional reserves,1990.0,Metric Tons,6300.0,
902,Thailand,Uranium - reasonably assured reserves,2003.0,Metric Tons,5.0,
903,Thailand,Uranium - estimated additional reserves,2003.0,Metric Tons,5.0,
904,Turkey,Uranium - reasonably assured reserves,2008.0,Metric Tons,7300.0,
905,Turkey,Uranium - reasonably assured reserves,2007.0,Metric Tons,7300.0,
906,Turkey,Uranium - reasonably assured reserves,2005.0,Metric Tons,7400.0,
907,Turkey,Uranium - reasonably assured reserves,2003.0,Metric Tons,6845.0,
908,Turkey,Uranium - reasonably assured reserves,1997.0,Metric Tons,9100.0,
909,Turkey,Uranium - reasonably assured reserves,1993.0,Metric Tons,9130.0,
910,Turkey,Uranium - reasonably assured reserves,1990.0,Metric Tons,9130.0,
911,Ukraine,Uranium - production,2010.0,Metric Tons,837.0,
912,Ukraine,Uranium - production,2009.0,Metric Tons,815.0,
913,Ukraine,Uranium - production,2008.0,Metric Tons,830.0,
914,Ukraine,Uranium - production,2007.0,Metric Tons,800.0,
915,Ukraine,Uranium - production,2006.0,Metric Tons,810.0,
916,Ukraine,Uranium - production,2005.0,Metric Tons,830.0,
917,Ukraine,Uranium - production,2004.0,Metric Tons,855.0,
918,Ukraine,Uranium - production,2003.0,Metric Tons,800.0,1.0
919,Ukraine,Uranium - production,2002.0,Metric Tons,800.0,1.0
920,Ukraine,Uranium - production,2001.0,Metric Tons,750.0,1.0
921,Ukraine,Uranium - production,2000.0,Metric Tons,1005.0,1.0
922,Ukraine,Uranium - production,1999.0,Metric Tons,1000.0,
923,Ukraine,Uranium - production,1998.0,Metric Tons,1000.0,
924,Ukraine,Uranium - production,1997.0,Metric Tons,1000.0,
925,Ukraine,Uranium - production,1996.0,Metric Tons,1000.0,
926,Ukraine,Uranium - production,1995.0,Metric Tons,1000.0,
927,Ukraine,Uranium - production,1994.0,Metric Tons,1000.0,
928,Ukraine,Uranium - production,1993.0,Metric Tons,1000.0,
929,Ukraine,Uranium - production,1992.0,Metric Tons,1000.0,
930,Ukraine,Uranium - reasonably assured reserves,2008.0,Metric Tons,142400.0,
931,Ukraine,Uranium - reasonably assured reserves,2007.0,Metric Tons,135000.0,
932,Ukraine,Uranium - reasonably assured reserves,2005.0,Metric Tons,66700.0,
933,Ukraine,Uranium - reasonably assured reserves,2003.0,Metric Tons,64660.0,
934,Ukraine,Uranium - reasonably assured reserves,1997.0,Metric Tons,84000.0,
935,Ukraine,Uranium - reasonably assured reserves,1993.0,Metric Tons,148900.0,
936,Ukraine,Uranium - estimated additional reserves,2008.0,Metric Tons,81200.0,
937,Ukraine,Uranium - estimated additional reserves,2005.0,Metric Tons,23100.0,
938,Ukraine,Uranium - estimated additional reserves,2003.0,Metric Tons,11410.0,
939,Ukraine,Uranium - estimated additional reserves,1997.0,Metric Tons,47000.0,
940,United Rep. of Tanzania,Uranium - reasonably assured reserves,2008.0,Metric Tons,8900.0,
941,United Rep. of Tanzania,Uranium - estimated additional reserves,2008.0,Metric Tons,19500.0,
942,United States,Uranium - production,2010.0,Metric Tons,1630.0,
943,United States,Uranium - production,2009.0,Metric Tons,1594.0,
944,United States,Uranium - production,2008.0,Metric Tons,1492.0,
945,United States,Uranium - production,2007.0,Metric Tons,1747.0,
946,United States,Uranium - production,2006.0,Metric Tons,1805.0,
947,United States,Uranium - production,2005.0,Metric Tons,1171.0,
948,United States,Uranium - production,2004.0,Metric Tons,943.0,
949,United States,Uranium - production,2003.0,Metric Tons,769.0,
950,United States,Uranium - production,2002.0,Metric Tons,902.0,
951,United States,Uranium - production,2001.0,Metric Tons,1015.0,
952,United States,Uranium - production,2000.0,Metric Tons,1522.0,
953,United States,Uranium - production,1999.0,Metric Tons,1773.0,
954,United States,Uranium - production,1998.0,Metric Tons,1810.0,
955,United States,Uranium - production,1997.0,Metric Tons,2170.0,
956,United States,Uranium - production,1996.0,Metric Tons,2432.0,
957,United States,Uranium - production,1995.0,Metric Tons,2324.0,
958,United States,Uranium - production,1994.0,Metric Tons,1289.0,
959,United States,Uranium - production,1993.0,Metric Tons,1180.0,
960,United States,Uranium - production,1992.0,Metric Tons,2170.0,
961,United States,Uranium - production,1991.0,Metric Tons,3060.0,
962,United States,Uranium - production,1990.0,Metric Tons,3420.0,
963,United States,Uranium - reasonably assured reserves,2008.0,Metric Tons,472100.0,
964,United States,Uranium - reasonably assured reserves,2007.0,Metric Tons,339000.0,
965,United States,Uranium - reasonably assured reserves,2005.0,Metric Tons,342000.0,
966,United States,Uranium - reasonably assured reserves,2003.0,Metric Tons,345000.0,
967,United States,Uranium - reasonably assured reserves,1997.0,Metric Tons,361000.0,
968,United States,Uranium - reasonably assured reserves,1993.0,Metric Tons,366000.0,
969,United States,Uranium - reasonably assured reserves,1990.0,Metric Tons,254200.0,
970,USSR (former),Uranium - reasonably assured reserves,1990.0,Metric Tons,220600.0,
971,Uzbekistan,Uranium - production,2010.0,Metric Tons,2874.0,
972,Uzbekistan,Uranium - production,2009.0,Metric Tons,2657.0,
973,Uzbekistan,Uranium - production,2008.0,Metric Tons,2283.0,
974,Uzbekistan,Uranium - production,2007.0,Metric Tons,2270.0,
975,Uzbekistan,Uranium - production,2006.0,Metric Tons,2260.0,
976,Uzbekistan,Uranium - production,2005.0,Metric Tons,2300.0,
977,Uzbekistan,Uranium - production,2004.0,Metric Tons,2087.0,
978,Uzbekistan,Uranium - production,2003.0,Metric Tons,1603.0,
979,Uzbekistan,Uranium - production,2002.0,Metric Tons,1859.0,
980,Uzbekistan,Uranium - production,2001.0,Metric Tons,1945.0,
981,Uzbekistan,Uranium - production,2000.0,Metric Tons,2028.0,
982,Uzbekistan,Uranium - production,1999.0,Metric Tons,2159.0,
983,Uzbekistan,Uranium - production,1998.0,Metric Tons,1926.0,
984,Uzbekistan,Uranium - production,1997.0,Metric Tons,1764.0,
985,Uzbekistan,Uranium - production,1996.0,Metric Tons,1459.0,
986,Uzbekistan,Uranium - production,1995.0,Metric Tons,1644.0,
987,Uzbekistan,Uranium - production,1994.0,Metric Tons,2015.0,
988,Uzbekistan,Uranium - production,1993.0,Metric Tons,2600.0,
989,Uzbekistan,Uranium - production,1992.0,Metric Tons,2680.0,
990,Uzbekistan,Uranium - reasonably assured reserves,2008.0,Metric Tons,76000.0,
991,Uzbekistan,Uranium - reasonably assured reserves,2007.0,Metric Tons,72400.0,
992,Uzbekistan,Uranium - reasonably assured reserves,2005.0,Metric Tons,76900.0,
993,Uzbekistan,Uranium - reasonably assured reserves,2003.0,Metric Tons,79620.0,
994,Uzbekistan,Uranium - reasonably assured reserves,1997.0,Metric Tons,83700.0,
995,Uzbekistan,Uranium - reasonably assured reserves,1993.0,Metric Tons,230000.0,
996,Uzbekistan,Uranium - estimated additional reserves,2008.0,Metric Tons,38600.0,
997,Uzbekistan,Uranium - estimated additional reserves,2005.0,Metric Tons,38600.0,
998,Uzbekistan,Uranium - estimated additional reserves,2003.0,Metric Tons,38840.0,
999,Uzbekistan,Uranium - estimated additional reserves,1997.0,Metric Tons,46500.0,
1000,Viet Nam,Uranium - reasonably assured reserves,2008.0,Metric Tons,1000.0,
1001,Viet Nam,Uranium - reasonably assured reserves,2007.0,Metric Tons,1000.0,
1002,Viet Nam,Uranium - reasonably assured reserves,2005.0,Metric Tons,1000.0,
1003,Viet Nam,Uranium - reasonably assured reserves,2003.0,Metric Tons,1005.0,
1004,Viet Nam,Uranium - reasonably assured reserves,2002.0,Metric Tons,1300.0,
1005,Viet Nam,Uranium - reasonably assured reserves,2001.0,Metric Tons,1300.0,
1006,Viet Nam,Uranium - reasonably assured reserves,2000.0,Metric Tons,1300.0,
1007,Viet Nam,Uranium - reasonably assured reserves,1999.0,Metric Tons,1300.0,
1008,Viet Nam,Uranium - reasonably assured reserves,1998.0,Metric Tons,1300.0,
1009,Viet Nam,Uranium - reasonably assured reserves,1997.0,Metric Tons,1300.0,
1010,Viet Nam,Uranium - estimated additional reserves,2008.0,Metric Tons,5400.0,
1011,Viet Nam,Uranium - estimated additional reserves,2005.0,Metric Tons,5435.0,
1012,Viet Nam,Uranium - estimated additional reserves,2003.0,Metric Tons,5435.0,
1013,Viet Nam,Uranium - estimated additional reserves,2002.0,Metric Tons,6700.0,
1014,Viet Nam,Uranium - estimated additional reserves,2001.0,Metric Tons,6700.0,
1015,Viet Nam,Uranium - estimated additional reserves,2000.0,Metric Tons,6700.0,
1016,Viet Nam,Uranium - estimated additional reserves,1999.0,Metric Tons,6700.0,
1017,Viet Nam,Uranium - estimated additional reserves,1998.0,Metric Tons,6700.0,
1018,Viet Nam,Uranium - estimated additional reserves,1997.0,Metric Tons,6700.0,
1019,Viet Nam,Uranium - estimated additional reserves,1993.0,Metric Tons,6700.0,
1020,Viet Nam,Uranium - estimated additional reserves,1990.0,Metric Tons,200.0,
1021,"Yugoslavia, SFR",Uranium - production,1991.0,Metric Tons,2.0,
1022,"Yugoslavia, SFR",Uranium - production,1990.0,Metric Tons,53.0,
1023,"Yugoslavia, SFR",Uranium - reasonably assured reserves,1990.0,Metric Tons,900.0,
1024,"Yugoslavia, SFR",Uranium - estimated additional reserves,1990.0,Metric Tons,5000.0,
1025,Zimbabwe,Uranium - reasonably assured reserves,2008.0,Metric Tons,1400.0,
1026,Zimbabwe,Uranium - reasonably assured reserves,2007.0,Metric Tons,1400.0,
1027,Zimbabwe,Uranium - reasonably assured reserves,2003.0,Metric Tons,1350.0,
1028,Zimbabwe,Uranium - reasonably assured reserves,1997.0,Metric Tons,1800.0,
1029,Zimbabwe,Uranium - reasonably assured reserves,1993.0,Metric Tons,1800.0,
